o convex_0
v -0.024000 -0.000074 -0.054863
v -0.018014 0.017881 -0.041898
v -0.018014 0.019879 -0.057851
v -0.023002 -0.010049 -0.060847
v -0.023002 0.012892 -0.060847
v -0.023002 -0.001070 -0.041898
v -0.022004 0.011893 -0.041898
v -0.021007 -0.001070 -0.041898
v -0.018014 0.015886 -0.060847
v -0.024000 0.008905 -0.059849
v -0.020010 0.016885 -0.041898
v -0.018014 0.013891 -0.051867
v -0.024000 -0.010049 -0.060847
v -0.020010 0.018877 -0.060847
v -0.023002 0.006910 -0.041898
v -0.018014 0.013891 -0.043894
f 8 12 16 
f 6 2 7 
f 2 6 8 
f 6 4 8 
f 3 2 9 
f 4 5 9 
f 7 5 10 
f 2 3 11 
f 5 7 11 
f 7 2 11 
f 8 4 12 
f 9 2 12 
f 4 9 12 
f 5 4 13 
f 4 6 13 
f 6 1 13 
f 1 10 13 
f 10 5 13 
f 3 9 14 
f 9 5 14 
f 11 3 14 
f 5 11 14 
f 1 6 15 
f 6 7 15 
f 10 1 15 
f 7 10 15 
f 2 8 16 
f 12 2 16 
o convex_1
v 0.002934 0.027860 -0.057854
v -0.011031 0.024867 -0.060846
v -0.011031 0.024867 -0.058851
v 0.011914 0.024867 -0.060846
v 0.002934 0.024867 -0.046882
v -0.006040 0.027860 -0.060846
v -0.003047 0.025865 -0.047881
v 0.004929 0.025865 -0.047881
v 0.006923 0.027860 -0.060846
v 0.011914 0.025865 -0.058851
v -0.011031 0.025865 -0.058851
v -0.006040 0.024867 -0.049877
f 27 19 28 
f 19 18 20 
f 19 20 21 
f 20 18 22 
f 17 22 23 
f 21 20 24 
f 17 23 24 
f 23 21 24 
f 20 22 25 
f 22 17 25 
f 17 24 25 
f 25 24 26 
f 24 20 26 
f 20 25 26 
f 18 19 27 
f 22 18 27 
f 23 22 27 
f 23 27 28 
f 19 21 28 
f 21 23 28 
o convex_2
v 0.007919 -0.011047 0.106749
v -0.011028 -0.009053 0.089790
v -0.012026 -0.009053 0.091787
v -0.005044 -0.014038 0.091787
v 0.010913 -0.007057 0.089790
v -0.010030 -0.008054 0.106749
v 0.003931 -0.014039 0.103756
v 0.004929 -0.013041 0.089790
v 0.009915 -0.008054 0.106749
v -0.012026 -0.007057 0.091787
v -0.006042 -0.012043 0.106749
v 0.011912 -0.009053 0.091787
v -0.007038 -0.013042 0.102756
v 0.008919 -0.012043 0.100763
v 0.004929 -0.014038 0.091787
v 0.010913 -0.007057 0.094778
v -0.011030 -0.009053 0.105748
v -0.003047 -0.014039 0.103756
v 0.010916 -0.010050 0.103756
v 0.003928 -0.013042 0.106749
v -0.011028 -0.007057 0.089790
v -0.009032 -0.012043 0.091787
v -0.005044 -0.013041 0.089790
v -0.010030 -0.011047 0.102756
v -0.011028 -0.007057 0.094778
v 0.008917 -0.012043 0.091787
v 0.011912 -0.007057 0.093780
f 47 40 55 
f 30 33 36 
f 34 29 37 
f 30 31 38 
f 29 34 39 
f 36 33 40 
f 29 35 42 
f 35 32 43 
f 32 36 43 
f 42 35 43 
f 34 37 44 
f 33 38 44 
f 34 38 45 
f 38 31 45 
f 39 34 45 
f 32 35 46 
f 41 32 46 
f 39 41 46 
f 37 29 47 
f 29 42 47 
f 42 40 47 
f 35 29 48 
f 29 39 48 
f 46 35 48 
f 39 46 48 
f 33 30 49 
f 30 38 49 
f 38 33 49 
f 31 30 50 
f 32 41 50 
f 36 32 51 
f 30 36 51 
f 50 30 51 
f 32 50 51 
f 41 39 52 
f 45 31 52 
f 39 45 52 
f 31 50 52 
f 50 41 52 
f 38 34 53 
f 34 44 53 
f 44 38 53 
f 36 40 54 
f 40 42 54 
f 42 43 54 
f 43 36 54 
f 40 33 55 
f 44 37 55 
f 33 44 55 
f 37 47 55 
o convex_3
v -0.013024 0.007905 0.089788
v 0.003933 0.014891 0.076822
v 0.003933 0.014891 0.075824
v -0.012024 -0.000070 0.078817
v -0.012024 0.009901 0.075824
v 0.000937 0.010899 0.089788
v -0.010031 0.012895 0.088792
v -0.011028 0.000926 0.089788
v -0.004049 0.014891 0.075824
v -0.013024 0.002923 0.075824
v 0.000937 0.012895 0.089788
v 0.003933 0.013891 0.075824
v -0.013024 0.000926 0.089788
v -0.013024 0.009903 0.085799
v -0.009035 0.012893 0.075824
v -0.002056 0.014891 0.078817
v -0.008036 0.012895 0.089788
f 71 62 72 
f 61 56 63 
f 59 61 63 
f 57 58 64 
f 58 60 64 
f 60 58 65 
f 61 57 66 
f 56 61 66 
f 58 57 67 
f 57 61 67 
f 61 59 67 
f 65 58 67 
f 59 65 67 
f 63 56 68 
f 59 63 68 
f 65 59 68 
f 56 65 68 
f 56 62 69 
f 65 56 69 
f 60 65 69 
f 64 60 70 
f 62 64 70 
f 69 62 70 
f 60 69 70 
f 57 64 71 
f 64 62 71 
f 66 57 71 
f 66 71 72 
f 62 56 72 
f 56 66 72 
o convex_4
v -0.012028 -0.008051 0.097770
v -0.010034 0.005910 0.106749
v -0.010034 0.005910 0.094778
v -0.008038 -0.008051 0.106749
v -0.014024 0.003917 0.105750
v -0.008038 -0.008051 0.094778
v -0.013026 0.003915 0.094778
v -0.014024 -0.004063 0.105750
v -0.014024 -0.004063 0.097770
v -0.011031 -0.008051 0.106749
v -0.013026 -0.004062 0.094778
v -0.013026 0.005910 0.097770
v -0.014024 0.003917 0.097770
v -0.012028 0.005910 0.106749
v -0.013026 -0.007054 0.105749
f 82 80 87 
f 75 74 76 
f 75 76 78 
f 76 73 78 
f 75 78 79 
f 80 77 81 
f 76 74 82 
f 73 76 82 
f 78 73 83 
f 79 78 83 
f 73 81 83 
f 81 79 83 
f 74 75 84 
f 75 79 84 
f 84 79 85 
f 81 77 85 
f 79 81 85 
f 77 84 85 
f 77 80 86 
f 82 74 86 
f 80 82 86 
f 74 84 86 
f 84 77 86 
f 81 73 87 
f 80 81 87 
f 73 82 87 
o convex_5
v -0.024999 -0.003066 -0.028925
v -0.024000 0.018879 -0.012964
v -0.024000 0.018879 -0.019951
v -0.030982 0.005911 -0.012964
v -0.024000 -0.015037 -0.012964
v -0.024000 0.008906 -0.029923
v -0.030982 -0.000074 -0.013961
v -0.028987 0.012893 -0.017955
v -0.024999 0.008906 -0.029923
v -0.025996 -0.013039 -0.014959
v -0.024000 -0.010047 -0.022936
v -0.030982 0.005911 -0.014959
v -0.025996 0.017879 -0.019951
v -0.027989 0.014888 -0.012964
v -0.024999 -0.010047 -0.022936
v -0.027989 -0.009048 -0.012964
v -0.024999 -0.000074 -0.029923
v -0.024000 -0.003066 -0.028925
f 104 93 105 
f 90 89 92 
f 89 91 92 
f 90 92 93 
f 90 93 96 
f 93 92 98 
f 94 91 99 
f 91 95 99 
f 95 96 99 
f 89 90 100 
f 96 95 100 
f 90 96 100 
f 91 89 101 
f 95 91 101 
f 89 100 101 
f 100 95 101 
f 94 88 102 
f 92 97 102 
f 88 98 102 
f 98 92 102 
f 92 91 103 
f 91 94 103 
f 97 92 103 
f 94 102 103 
f 102 97 103 
f 88 94 104 
f 96 93 104 
f 94 99 104 
f 99 96 104 
f 98 88 105 
f 93 98 105 
f 88 104 105 
o convex_6
v -0.025996 -0.018029 0.001002
v -0.027989 0.004915 0.003996
v -0.024000 -0.011045 -0.010967
v -0.030982 -0.002069 -0.012964
v -0.030982 -0.006060 0.001002
v -0.028987 0.004915 -0.012964
v -0.024000 -0.014036 0.003996
v -0.024998 -0.016035 -0.012964
v -0.030982 0.004915 0.001002
v -0.028987 -0.013042 -0.007974
v -0.029985 -0.005062 0.003996
v -0.024000 -0.019028 -0.006977
v -0.030982 0.004915 -0.012964
v -0.030982 -0.006060 -0.010967
v -0.028987 -0.013042 0.001002
v -0.024998 -0.017031 0.003996
v -0.024000 -0.011045 -0.012964
v -0.025996 -0.018029 -0.006977
v -0.024000 -0.019028 0.002000
v -0.027989 0.004915 0.000005
v -0.029985 0.004915 0.003996
f 114 116 126 
f 108 107 112 
f 109 111 113 
f 109 110 114 
f 107 111 114 
f 112 107 116 
f 114 110 116 
f 108 112 117 
f 111 109 118 
f 109 114 118 
f 114 111 118 
f 110 109 119 
f 109 113 119 
f 115 110 119 
f 113 115 119 
f 115 106 120 
f 110 115 120 
f 116 110 120 
f 116 120 121 
f 112 116 121 
f 120 106 121 
f 107 108 122 
f 113 111 122 
f 108 117 122 
f 117 113 122 
f 106 115 123 
f 115 113 123 
f 117 106 123 
f 113 117 123 
f 106 117 124 
f 117 112 124 
f 112 121 124 
f 121 106 124 
f 111 107 125 
f 107 122 125 
f 122 111 125 
f 107 114 126 
f 116 107 126 
o convex_7
v 0.015905 0.016886 -0.040896
v 0.021890 0.017885 -0.016954
v 0.021890 0.016886 -0.016954
v 0.011914 0.024867 -0.016954
v 0.013911 0.022871 -0.041894
v 0.011914 0.020877 -0.025933
v 0.018896 0.017885 -0.041894
v 0.018896 0.016886 -0.016954
v 0.015905 0.023869 -0.017953
v 0.011914 0.020877 -0.041894
v 0.011914 0.022871 -0.016954
v 0.019893 0.019879 -0.020946
v 0.011914 0.022871 -0.041894
v 0.018896 0.016886 -0.041894
v 0.016902 0.016886 -0.025933
v 0.012912 0.024867 -0.021944
f 131 139 142 
f 129 128 130 
f 128 129 133 
f 127 129 134 
f 129 130 134 
f 130 128 135 
f 127 132 136 
f 132 130 136 
f 131 133 136 
f 130 132 137 
f 134 130 137 
f 132 134 137 
f 128 133 138 
f 133 131 138 
f 135 128 138 
f 131 135 138 
f 136 130 139 
f 131 136 139 
f 129 127 140 
f 133 129 140 
f 127 136 140 
f 136 133 140 
f 132 127 141 
f 127 134 141 
f 134 132 141 
f 130 135 142 
f 135 131 142 
f 139 130 142 
o convex_8
v -0.025996 0.017882 -0.012964
v -0.030982 0.004918 -0.012964
v -0.028987 0.004918 -0.012964
v -0.024998 0.017882 0.003996
v -0.030982 0.005914 0.001002
v -0.024000 0.013892 0.003996
v -0.024000 0.015887 -0.012964
v -0.026994 0.005914 0.003996
v -0.028987 0.012895 0.001002
v -0.028987 0.012895 -0.012964
v -0.028987 0.004918 0.003996
v -0.024000 0.018879 0.002000
v -0.026994 0.005914 0.000005
v -0.024000 0.018879 -0.012964
v -0.028987 0.009904 0.003996
v -0.024998 0.018879 0.002000
f 154 156 158 
f 145 144 143 
f 145 143 149 
f 148 146 150 
f 147 151 152 
f 143 144 152 
f 144 147 152 
f 151 143 152 
f 144 145 153 
f 147 144 153 
f 145 150 153 
f 150 146 153 
f 146 148 154 
f 148 149 154 
f 149 148 155 
f 145 149 155 
f 150 145 155 
f 148 150 155 
f 149 143 156 
f 154 149 156 
f 146 151 157 
f 151 147 157 
f 147 153 157 
f 153 146 157 
f 143 151 158 
f 151 146 158 
f 146 154 158 
f 156 143 158 
o convex_9
v -0.029986 -0.005062 0.039909
v -0.024998 -0.017032 0.003996
v -0.024001 -0.017032 0.003996
v -0.029986 -0.000073 0.003996
v -0.027990 -0.000073 0.039909
v -0.024001 -0.017032 0.039909
v -0.027990 -0.000073 0.003996
v -0.027990 -0.012044 0.003996
v -0.025996 -0.016035 0.039909
v -0.024001 -0.014039 0.003996
v -0.024001 -0.014039 0.039909
v -0.029986 -0.005062 0.003996
v -0.029986 -0.000073 0.039909
v -0.027990 -0.012044 0.039909
v -0.025996 -0.016035 0.003996
v -0.028987 -0.009049 0.039909
f 166 172 174 
f 161 160 162 
f 160 161 164 
f 163 159 164 
f 161 162 165 
f 162 163 165 
f 162 160 166 
f 160 164 167 
f 164 159 167 
f 164 161 168 
f 161 165 168 
f 165 163 168 
f 163 164 169 
f 164 168 169 
f 168 163 169 
f 159 162 170 
f 162 166 170 
f 162 159 171 
f 159 163 171 
f 163 162 171 
f 167 159 172 
f 166 167 172 
f 166 160 173 
f 160 167 173 
f 167 166 173 
f 159 170 174 
f 170 166 174 
f 172 159 174 
o convex_10
v -0.025996 -0.016029 0.039909
v -0.024000 0.002918 0.057866
v -0.024000 0.008903 0.055869
v -0.030982 0.001923 0.045896
v -0.024000 0.017879 0.039909
v -0.024000 -0.017027 0.048888
v -0.029984 0.008903 0.040911
v -0.028987 -0.010048 0.047891
v -0.026994 0.013890 0.048888
v -0.029984 -0.005060 0.039909
v -0.024000 -0.017027 0.039909
v -0.024999 -0.003064 0.057866
v -0.024999 0.018881 0.045896
v -0.027989 0.005912 0.051879
v -0.029984 -0.010048 0.042903
v -0.024999 -0.019028 0.045896
v -0.024999 -0.013038 0.052874
v -0.029984 -0.002069 0.048888
v -0.029984 0.009901 0.043901
v -0.025996 0.017879 0.041906
v -0.024999 0.008903 0.055869
v -0.030982 -0.002069 0.040911
v -0.024000 -0.006059 0.056864
v -0.024000 0.017879 0.047891
v -0.028987 0.009901 0.039909
v -0.030982 -0.004066 0.044901
v -0.024999 0.002918 0.057866
v -0.028987 0.009901 0.047891
f 188 195 202 
f 177 176 179 
f 179 176 180 
f 179 175 184 
f 175 179 185 
f 179 180 185 
f 184 175 189 
f 175 185 190 
f 185 180 190 
f 189 175 190 
f 182 189 190 
f 186 182 191 
f 190 180 191 
f 182 190 191 
f 182 186 192 
f 188 178 192 
f 181 178 193 
f 183 187 193 
f 187 179 194 
f 181 193 194 
f 193 187 194 
f 176 177 195 
f 187 183 195 
f 178 181 196 
f 184 189 196 
f 180 176 197 
f 176 186 197 
f 191 180 197 
f 186 191 197 
f 177 179 198 
f 179 187 198 
f 195 177 198 
f 187 195 198 
f 179 184 199 
f 194 179 199 
f 181 194 199 
f 196 181 199 
f 184 196 199 
f 189 182 200 
f 182 192 200 
f 192 178 200 
f 178 196 200 
f 196 189 200 
f 186 176 201 
f 192 186 201 
f 188 192 201 
f 176 195 201 
f 195 188 201 
f 178 188 202 
f 193 178 202 
f 183 193 202 
f 195 183 202 
o convex_11
v -0.024998 0.017884 0.039909
v -0.029986 -0.000073 0.003996
v -0.027990 -0.000073 0.003996
v -0.024001 0.017884 0.003996
v -0.027990 -0.000073 0.039909
v -0.028987 0.009902 0.039909
v -0.028987 0.009902 0.003996
v -0.024001 0.013892 0.039909
v -0.029986 0.004915 0.039909
v -0.024001 0.013892 0.003996
v -0.029986 -0.000073 0.039909
v -0.024998 0.017884 0.003996
v -0.029986 0.004915 0.003996
v -0.024001 0.017884 0.039909
f 203 210 216 
f 205 204 206 
f 204 205 207 
f 207 203 208 
f 206 204 209 
f 208 203 209 
f 203 207 210 
f 207 205 210 
f 207 208 211 
f 208 209 211 
f 205 206 212 
f 210 205 212 
f 206 210 212 
f 204 207 213 
f 211 204 213 
f 207 211 213 
f 203 206 214 
f 206 209 214 
f 209 203 214 
f 209 204 215 
f 204 211 215 
f 211 209 215 
f 206 203 216 
f 210 206 216 
o convex_12
v 0.023885 0.006908 -0.021942
v 0.019895 -0.012042 -0.041894
v 0.019895 -0.009048 -0.041894
v 0.022888 0.006908 -0.041894
v 0.023885 -0.012042 -0.030924
v 0.020893 0.006908 -0.032912
v 0.021890 -0.012042 -0.026930
v 0.022888 -0.009048 -0.041894
v 0.023885 -0.000074 -0.036904
v 0.020893 0.006908 -0.041894
v 0.023885 -0.012042 -0.023938
v 0.022888 0.006908 -0.021942
v 0.019895 -0.012042 -0.035906
v 0.021890 0.006908 -0.025936
v 0.023885 0.006908 -0.031918
v 0.021890 -0.012042 -0.041894
v 0.022888 -0.012042 -0.023938
f 227 228 233 
f 218 219 220 
f 217 220 222 
f 218 221 223 
f 218 220 224 
f 221 224 225 
f 217 221 225 
f 224 220 225 
f 220 219 226 
f 219 222 226 
f 222 220 226 
f 221 217 227 
f 223 221 227 
f 217 222 228 
f 227 217 228 
f 219 218 229 
f 222 219 229 
f 218 223 229 
f 229 223 230 
f 223 228 230 
f 228 222 230 
f 222 229 230 
f 220 217 231 
f 217 225 231 
f 225 220 231 
f 221 218 232 
f 218 224 232 
f 224 221 232 
f 223 227 233 
f 228 223 233 
o convex_13
v 0.014905 -0.000072 0.078817
v 0.007923 0.012894 0.089788
v 0.002937 0.013891 0.084801
v 0.008918 0.012894 0.075824
v 0.000943 0.012894 0.075824
v 0.000942 0.010899 0.089788
v 0.013907 -0.004063 0.075824
v 0.013909 0.001922 0.089788
v 0.013909 0.008903 0.088792
v 0.013907 0.006910 0.075824
v 0.010915 0.001922 0.089788
v 0.009917 0.012894 0.088792
v 0.006929 0.013891 0.075824
v 0.000942 0.012894 0.089788
v 0.000943 0.011894 0.078817
v 0.014905 0.003921 0.075824
v 0.014905 -0.004063 0.076822
v 0.000943 0.013891 0.075824
f 238 247 251 
f 238 237 240 
f 235 239 241 
f 235 241 242 
f 241 234 242 
f 240 237 243 
f 237 242 243 
f 239 240 244 
f 241 239 244 
f 236 235 245 
f 235 242 245 
f 242 237 245 
f 237 238 246 
f 236 245 246 
f 245 237 246 
f 235 236 247 
f 238 239 247 
f 239 235 247 
f 239 238 248 
f 240 239 248 
f 238 240 248 
f 242 234 249 
f 240 243 249 
f 243 242 249 
f 234 241 250 
f 244 240 250 
f 241 244 250 
f 249 234 250 
f 240 249 250 
f 246 238 251 
f 236 246 251 
f 247 236 251 
o convex_14
v 0.001937 -0.015037 0.089790
v -0.005045 -0.013042 0.084802
v -0.005045 -0.012044 0.084802
v 0.009919 -0.013042 0.085800
v -0.008037 -0.012044 0.089790
v -0.002051 -0.016035 0.085800
v 0.007923 -0.012044 0.089790
v -0.010033 -0.013042 0.088792
v 0.001937 -0.016035 0.088791
v 0.004931 -0.012044 0.084802
v -0.003047 -0.016035 0.088791
v -0.008037 -0.014040 0.085800
f 257 262 263 
f 256 252 258 
f 254 256 258 
f 256 254 259 
f 257 255 260 
f 255 258 260 
f 258 252 260 
f 253 254 261 
f 257 253 261 
f 255 257 261 
f 254 258 261 
f 258 255 261 
f 252 256 262 
f 256 259 262 
f 257 260 262 
f 260 252 262 
f 254 253 263 
f 253 257 263 
f 259 254 263 
f 262 259 263 
o convex_15
v -0.024000 0.016886 -0.016954
v -0.011031 0.028857 0.042902
v -0.012030 0.028857 0.042902
v -0.024000 0.016886 0.042902
v -0.021005 0.023869 -0.016954
v -0.011031 0.026861 -0.016954
v -0.012030 0.024865 0.041894
v -0.022003 0.022872 0.042902
v -0.022003 0.016886 0.000008
v -0.013027 0.028857 -0.016954
v -0.024000 0.020879 -0.016954
v -0.022003 0.016886 0.041894
v -0.017018 0.026861 0.001004
v -0.011031 0.025865 0.000008
v -0.024000 0.019879 0.042902
v -0.018013 0.025865 0.042902
v -0.011031 0.028857 -0.016954
v -0.023001 0.016886 -0.016954
v -0.011031 0.025865 0.042902
v -0.012030 0.024865 0.000008
v -0.017018 0.026861 -0.016954
f 276 273 284 
f 265 266 267 
f 264 268 269 
f 267 266 271 
f 267 264 272 
f 266 265 273 
f 269 268 273 
f 264 267 274 
f 268 264 274 
f 271 268 274 
f 267 272 275 
f 272 270 275 
f 268 271 276 
f 266 273 276 
f 269 265 277 
f 267 271 278 
f 274 267 278 
f 271 274 278 
f 271 266 279 
f 266 276 279 
f 276 271 279 
f 265 269 280 
f 273 265 280 
f 269 273 280 
f 264 269 281 
f 272 264 281 
f 265 267 282 
f 267 275 282 
f 275 270 282 
f 277 265 282 
f 270 277 282 
f 270 272 283 
f 269 277 283 
f 277 270 283 
f 281 269 283 
f 272 281 283 
f 273 268 284 
f 268 276 284 
o convex_16
v -0.009034 0.011897 0.101759
v -0.011029 0.005913 0.094778
v -0.013026 0.005913 0.097770
v 0.004931 0.012895 0.104753
v -0.009034 0.005913 0.106749
v -0.000058 0.012894 0.094778
v -0.005044 0.013893 0.104753
v -0.007039 0.011897 0.094778
v -0.013026 0.006912 0.105749
v -0.009034 0.005913 0.094778
v 0.004931 0.013893 0.099766
v -0.004048 0.012894 0.106749
v -0.005044 0.013893 0.097772
v -0.000058 0.010900 0.094778
v -0.011029 0.009903 0.097770
v -0.010033 0.010900 0.105749
v -0.000058 0.010900 0.106749
v 0.004931 0.013893 0.104753
v 0.004931 0.012895 0.099766
f 298 295 303 
f 287 286 289 
f 290 286 292 
f 287 289 293 
f 288 289 294 
f 289 286 294 
f 286 290 294 
f 293 289 296 
f 285 291 297 
f 290 292 297 
f 295 290 297 
f 291 295 297 
f 294 290 298 
f 290 295 298 
f 286 287 299 
f 292 286 299 
f 287 293 299 
f 285 297 299 
f 297 292 299 
f 291 285 300 
f 296 291 300 
f 293 296 300 
f 285 299 300 
f 299 293 300 
f 289 288 301 
f 296 289 301 
f 296 301 302 
f 288 295 302 
f 295 291 302 
f 291 296 302 
f 301 288 302 
f 288 294 303 
f 295 288 303 
f 294 298 303 
o convex_17
v -0.028987 -0.000073 -0.096760
v -0.025996 -0.016035 -0.087786
v -0.026994 -0.014040 -0.089781
v -0.024000 -0.004063 -0.104741
v -0.028987 -0.000073 -0.086788
v -0.024000 -0.013041 -0.086788
v -0.024000 -0.000073 -0.100750
v -0.029985 -0.009051 -0.086788
v -0.027989 -0.007057 -0.097759
v -0.024000 -0.010049 -0.099754
v -0.030982 -0.000073 -0.087786
v -0.024998 -0.000073 -0.104741
v -0.024000 -0.016035 -0.086788
v -0.025996 -0.010049 -0.098755
v -0.029985 -0.004063 -0.092774
v -0.027989 -0.011046 -0.093771
v -0.024998 -0.004063 -0.104741
f 313 317 320 
f 309 307 310 
f 304 308 310 
f 308 309 310 
f 306 305 311 
f 309 308 311 
f 307 309 313 
f 308 304 314 
f 311 308 314 
f 310 307 315 
f 304 310 315 
f 311 305 316 
f 309 311 316 
f 305 313 316 
f 313 309 316 
f 313 305 317 
f 304 312 318 
f 314 304 318 
f 311 314 318 
f 305 306 319 
f 306 311 319 
f 317 305 319 
f 312 317 319 
f 318 312 319 
f 311 318 319 
f 312 304 320 
f 307 313 320 
f 315 307 320 
f 304 315 320 
f 317 312 320 
o convex_18
v 0.004929 -0.030999 -0.085786
v 0.012910 -0.023018 -0.060851
v 0.010915 -0.023018 -0.060851
v -0.004048 -0.030999 -0.066840
v -0.004048 -0.029003 -0.086786
v -0.004048 -0.026012 -0.060856
v 0.012910 -0.029002 -0.069833
v 0.012910 -0.026012 -0.084788
v 0.005927 -0.028006 -0.060856
v 0.005927 -0.030999 -0.067838
v -0.004048 -0.030999 -0.086786
v 0.012910 -0.029002 -0.082790
v 0.011912 -0.023018 -0.064842
v 0.011912 -0.026012 -0.060851
v -0.002051 -0.029003 -0.061851
v 0.005927 -0.030000 -0.086786
v 0.010915 -0.026012 -0.084788
v -0.004048 -0.026012 -0.062849
f 333 325 338 
f 325 324 326 
f 322 327 328 
f 324 321 330 
f 321 324 331 
f 324 325 331 
f 328 327 332 
f 327 330 332 
f 330 321 332 
f 323 322 333 
f 322 328 333 
f 322 323 334 
f 323 326 334 
f 327 322 334 
f 326 329 334 
f 330 327 334 
f 329 330 334 
f 326 324 335 
f 329 326 335 
f 330 329 335 
f 324 330 335 
f 325 328 336 
f 321 331 336 
f 331 325 336 
f 332 321 336 
f 328 332 336 
f 328 325 337 
f 325 333 337 
f 333 328 337 
f 326 323 338 
f 325 326 338 
f 323 333 338 
o convex_19
v -0.028986 0.010900 -0.087786
v -0.024000 -0.000073 -0.105739
v -0.022005 -0.000073 -0.105739
v -0.028986 -0.000073 -0.087786
v -0.022005 0.016886 -0.087786
v -0.025995 0.006912 -0.101748
v -0.029984 -0.000073 -0.092774
v -0.022005 0.012895 -0.087786
v -0.022005 0.005913 -0.105739
v -0.025995 0.011898 -0.095767
v -0.022005 -0.000073 -0.103743
v -0.028986 0.006912 -0.094768
v -0.026991 -0.000073 -0.101748
v -0.027989 -0.000073 -0.088784
v -0.027989 0.012895 -0.089782
v -0.023004 0.008903 -0.102746
v -0.029984 0.007910 -0.087786
v -0.023004 0.016886 -0.088784
f 354 348 356 
f 340 341 342 
f 339 342 343 
f 340 342 345 
f 343 342 346 
f 341 343 346 
f 341 340 347 
f 343 341 347 
f 340 344 347 
f 342 341 349 
f 341 346 349 
f 348 344 350 
f 344 340 351 
f 340 345 351 
f 345 350 351 
f 350 344 351 
f 346 342 352 
f 342 349 352 
f 349 346 352 
f 348 350 353 
f 343 347 354 
f 347 344 354 
f 344 348 354 
f 342 339 355 
f 345 342 355 
f 350 345 355 
f 339 353 355 
f 353 350 355 
f 339 343 356 
f 353 339 356 
f 348 353 356 
f 343 354 356 
o convex_20
v 0.003932 0.030853 -0.087781
v 0.005928 0.027860 -0.060849
v 0.005928 0.025865 -0.060849
v -0.003050 0.027860 -0.060849
v 0.005928 0.026863 -0.087781
v -0.003050 0.028857 -0.087781
v -0.003050 0.030853 -0.066838
v -0.003050 0.025865 -0.061850
v 0.005928 0.030853 -0.067835
v -0.003050 0.030853 -0.087781
v 0.005928 0.030853 -0.084786
f 365 361 367 
f 359 358 360 
f 358 359 361 
f 357 361 362 
f 360 358 363 
f 362 360 363 
f 359 360 364 
f 361 359 364 
f 362 361 364 
f 360 362 364 
f 358 361 365 
f 357 363 365 
f 363 358 365 
f 357 362 366 
f 363 357 366 
f 362 363 366 
f 361 357 367 
f 357 365 367 
o convex_21
v -0.022004 0.016886 -0.019949
v -0.023001 0.003917 -0.041894
v -0.023001 0.007909 -0.041894
v -0.017018 0.015887 -0.041894
v -0.023001 0.003917 -0.026934
v -0.024000 0.016886 -0.024937
v -0.020010 0.016886 -0.041894
v -0.021006 0.003917 -0.041894
v -0.018015 0.015887 -0.032915
v -0.024000 0.003917 -0.026934
v -0.021006 0.003917 -0.035906
v -0.024000 0.014891 -0.018949
v -0.024000 0.004915 -0.035906
v -0.020010 0.016886 -0.024937
v -0.022004 0.012895 -0.041894
v -0.017018 0.016886 -0.038898
f 381 376 383 
f 369 370 371 
f 373 368 374 
f 371 370 374 
f 369 371 375 
f 372 369 375 
f 369 372 377 
f 375 371 378 
f 372 375 378 
f 376 372 378 
f 372 368 379 
f 368 373 379 
f 377 372 379 
f 373 377 379 
f 370 369 380 
f 373 370 380 
f 369 377 380 
f 377 373 380 
f 368 372 381 
f 374 368 381 
f 372 376 381 
f 370 373 382 
f 373 374 382 
f 374 370 382 
f 371 374 383 
f 378 371 383 
f 376 378 383 
f 374 381 383 
o convex_22
v 0.012911 -0.028006 -0.068833
v 0.025880 -0.017032 -0.074813
v 0.025880 -0.018030 -0.074813
v 0.012911 -0.026009 -0.084789
v 0.017900 -0.017032 -0.060851
v 0.022886 -0.017032 -0.084789
v 0.017900 -0.026009 -0.084789
v 0.020891 -0.024015 -0.072819
v 0.020891 -0.018030 -0.060851
v 0.012911 -0.022022 -0.060851
v 0.025880 -0.018030 -0.084789
v 0.014907 -0.024015 -0.060851
v 0.014907 -0.028006 -0.083791
v 0.017900 -0.017032 -0.063846
v 0.014907 -0.028006 -0.069831
v 0.023883 -0.021023 -0.082792
v 0.012911 -0.028006 -0.084789
v 0.023883 -0.021023 -0.073815
v 0.012911 -0.022022 -0.063846
f 393 397 402 
f 388 385 389 
f 387 389 390 
f 386 385 392 
f 385 388 392 
f 387 384 393 
f 392 388 393 
f 385 386 394 
f 389 385 394 
f 390 389 394 
f 391 392 395 
f 393 384 395 
f 392 393 395 
f 390 391 396 
f 388 389 397 
f 389 387 397 
f 393 388 397 
f 395 384 398 
f 391 395 398 
f 384 396 398 
f 396 391 398 
f 391 390 399 
f 394 386 399 
f 390 394 399 
f 384 387 400 
f 387 390 400 
f 396 384 400 
f 390 396 400 
f 386 392 401 
f 392 391 401 
f 399 386 401 
f 391 399 401 
f 387 393 402 
f 397 387 402 
o convex_23
v 0.024883 -0.006059 -0.061850
v 0.023887 -0.017032 -0.084789
v 0.023887 -0.016034 -0.084789
v 0.030868 -0.006059 -0.084789
v 0.022888 -0.001071 -0.064842
v 0.020895 -0.017032 -0.060854
v 0.027874 -0.015037 -0.075813
v 0.028872 -0.001071 -0.084789
v 0.030868 -0.001071 -0.077807
v 0.018897 -0.016034 -0.064842
v 0.022888 -0.001071 -0.060854
v 0.026877 -0.017032 -0.079801
v 0.030868 -0.006059 -0.077807
v 0.024883 -0.001071 -0.060854
v 0.023885 -0.010048 -0.060854
v 0.027874 -0.015037 -0.084789
v 0.018897 -0.017032 -0.060854
v 0.029870 -0.010048 -0.076811
v 0.030868 -0.001071 -0.084789
v 0.021892 -0.016034 -0.060854
v 0.026877 -0.017032 -0.075813
f 409 422 423 
f 404 405 406 
f 406 405 410 
f 405 407 410 
f 410 407 411 
f 405 404 412 
f 407 405 412 
f 411 407 413 
f 407 412 413 
f 408 404 414 
f 406 411 415 
f 415 411 416 
f 413 408 416 
f 411 413 416 
f 403 415 416 
f 415 403 417 
f 403 416 417 
f 416 408 417 
f 404 406 418 
f 414 404 418 
f 409 414 418 
f 404 408 419 
f 412 404 419 
f 408 413 419 
f 413 412 419 
f 406 415 420 
f 417 409 420 
f 415 417 420 
f 418 406 420 
f 409 418 420 
f 406 410 421 
f 410 411 421 
f 411 406 421 
f 417 408 422 
f 409 417 422 
f 408 414 423 
f 414 409 423 
f 422 408 423 
o convex_24
v -0.011031 0.025865 0.000010
v 0.001938 0.030853 0.042902
v -0.006042 0.030853 0.042902
v -0.007040 0.030853 -0.010968
v 0.001938 0.028857 -0.010968
v 0.001938 0.027860 0.041900
v -0.011031 0.025865 0.041900
v -0.011031 0.028857 -0.010968
v -0.010032 0.029854 0.042902
v 0.001938 0.030853 -0.010968
v 0.001938 0.027860 0.000010
v -0.010032 0.026863 -0.010968
v -0.010032 0.025865 0.000010
v -0.011031 0.028857 0.042902
v -0.010032 0.029854 -0.010968
v -0.010032 0.025865 0.041900
v -0.008038 0.026863 0.042902
f 430 439 440 
f 426 425 427 
f 428 425 429 
f 427 428 431 
f 424 430 431 
f 425 426 432 
f 426 427 432 
f 427 425 433 
f 428 427 433 
f 425 428 433 
f 428 429 434 
f 424 431 435 
f 431 428 435 
f 430 424 436 
f 428 434 436 
f 434 429 436 
f 424 435 436 
f 435 428 436 
f 431 430 437 
f 432 431 437 
f 425 432 437 
f 427 431 438 
f 431 432 438 
f 432 427 438 
f 430 436 439 
f 436 429 439 
f 429 425 440 
f 425 437 440 
f 437 430 440 
f 439 429 440 
o convex_25
v 0.023886 0.009902 -0.060851
v 0.028872 -0.001070 -0.082794
v 0.027875 0.006909 -0.082794
v 0.030867 0.006909 -0.077806
v 0.022889 -0.001070 -0.060851
v 0.030867 -0.001070 -0.077806
v 0.022889 0.009902 -0.067834
v 0.029869 0.009902 -0.082794
v 0.024884 -0.001070 -0.060851
v 0.022889 -0.001070 -0.064842
v 0.021891 0.009902 -0.060851
v 0.030867 -0.001070 -0.082794
v 0.024884 0.005912 -0.060851
v 0.029869 0.009902 -0.076807
v 0.027875 0.009902 -0.082794
f 447 448 455 
f 445 442 446 
f 442 443 448 
f 447 441 448 
f 441 445 449 
f 445 446 449 
f 446 444 449 
f 443 442 450 
f 442 445 450 
f 447 443 450 
f 447 450 451 
f 445 441 451 
f 441 447 451 
f 450 445 451 
f 446 442 452 
f 444 446 452 
f 442 448 452 
f 448 444 452 
f 441 449 453 
f 449 444 453 
f 448 441 454 
f 444 448 454 
f 441 453 454 
f 453 444 454 
f 443 447 455 
f 448 443 455 
o convex_26
v 0.018897 0.018881 -0.067834
v 0.028873 0.011899 -0.075810
v 0.028873 0.009903 -0.075810
v 0.022889 0.018881 -0.082794
v 0.021890 0.009903 -0.064842
v 0.020894 0.018881 -0.060851
v 0.026876 0.009903 -0.082794
v 0.023884 0.009903 -0.060851
v 0.026876 0.016886 -0.082794
v 0.017899 0.017882 -0.060851
v 0.024883 0.018881 -0.073815
v 0.022889 0.016886 -0.082794
v 0.028873 0.009903 -0.082794
v 0.017899 0.017882 -0.063845
v 0.022889 0.014890 -0.060851
v 0.026876 0.016886 -0.075810
v 0.021890 0.009903 -0.060851
f 463 465 472 
f 459 456 461 
f 458 460 462 
f 458 457 463 
f 460 458 463 
f 462 459 464 
f 461 456 465 
f 463 461 465 
f 459 461 466 
f 464 459 466 
f 456 459 467 
f 459 462 467 
f 462 460 467 
f 457 458 468 
f 458 462 468 
f 464 457 468 
f 462 464 468 
f 465 456 469 
f 460 465 469 
f 456 467 469 
f 467 460 469 
f 463 457 470 
f 461 463 470 
f 457 464 471 
f 466 461 471 
f 464 466 471 
f 470 457 471 
f 461 470 471 
f 460 463 472 
f 465 460 472 
o convex_27
v 0.005928 0.030850 -0.078801
v 0.024880 0.019880 -0.075809
v 0.023882 0.020879 -0.073813
v 0.006928 0.024868 -0.060851
v 0.021888 0.018883 -0.082794
v 0.012915 0.028857 -0.068832
v 0.019893 0.018883 -0.060851
v 0.016903 0.026859 -0.082794
v 0.006928 0.027859 -0.082794
v 0.006928 0.027859 -0.060851
v 0.016903 0.018883 -0.063847
v 0.015905 0.023870 -0.060851
v 0.019893 0.024866 -0.071822
v 0.005928 0.030850 -0.067836
v 0.023882 0.020879 -0.082794
v 0.009919 0.029853 -0.082794
v 0.005928 0.025865 -0.064844
v 0.024880 0.018883 -0.078801
v 0.019893 0.019880 -0.060851
v 0.005928 0.028856 -0.082794
v 0.006928 0.030850 -0.067836
v 0.012915 0.025863 -0.060851
f 493 482 494 
f 480 477 481 
f 476 479 482 
f 479 476 483 
f 477 479 483 
f 481 477 483 
f 482 479 484 
f 480 478 485 
f 478 484 485 
f 475 474 487 
f 477 480 487 
f 485 475 487 
f 480 485 487 
f 478 480 488 
f 480 481 488 
f 476 482 489 
f 483 476 489 
f 481 483 489 
f 486 473 489 
f 482 486 489 
f 474 479 490 
f 479 477 490 
f 487 474 490 
f 477 487 490 
f 474 475 491 
f 479 474 491 
f 484 479 491 
f 475 485 491 
f 485 484 491 
f 473 488 492 
f 488 481 492 
f 489 473 492 
f 481 489 492 
f 473 486 493 
f 486 482 493 
f 478 488 493 
f 488 473 493 
f 484 478 494 
f 482 484 494 
f 478 493 494 
o convex_28
v 0.013909 -0.003067 0.083802
v 0.000940 -0.014040 0.075823
v 0.000940 -0.014040 0.082805
v 0.009918 -0.012042 0.075823
v 0.012910 -0.000073 0.075823
v 0.011913 -0.000073 0.084802
v 0.007922 -0.012042 0.084802
v 0.000940 -0.012042 0.084802
v 0.013909 -0.007056 0.075823
v 0.000940 -0.012042 0.077820
v 0.011913 -0.008053 0.084802
v 0.006927 -0.014040 0.076822
v 0.013909 -0.000073 0.084802
v 0.013909 -0.000073 0.075823
v 0.011913 -0.000073 0.079814
f 504 500 509 
f 498 496 499 
f 496 497 502 
f 497 501 502 
f 501 500 502 
f 498 499 503 
f 499 496 504 
f 496 502 504 
f 502 500 504 
f 500 501 505 
f 501 498 505 
f 503 495 505 
f 498 503 505 
f 497 496 506 
f 496 498 506 
f 501 497 506 
f 498 501 506 
f 499 500 507 
f 495 503 507 
f 505 495 507 
f 500 505 507 
f 503 499 508 
f 499 507 508 
f 507 503 508 
f 500 499 509 
f 499 504 509 
o convex_29
v -0.019013 -0.021020 -0.059849
v -0.021006 -0.001071 -0.041898
v -0.021006 -0.001071 -0.053864
v -0.023001 -0.014037 -0.060849
v -0.017017 -0.019026 -0.041898
v -0.023001 -0.006060 -0.041898
v -0.017017 -0.018030 -0.060849
v -0.023001 -0.001071 -0.060849
v -0.020009 -0.017029 -0.043892
v -0.017017 -0.016034 -0.041898
v -0.023001 -0.001071 -0.041898
v -0.017017 -0.022020 -0.060849
v -0.022004 -0.011049 -0.041898
v -0.022004 -0.001071 -0.060849
v -0.018015 -0.019026 -0.041898
v -0.017017 -0.016034 -0.050875
v -0.023001 -0.014037 -0.058851
f 518 522 526 
f 514 511 515 
f 511 512 517 
f 513 515 517 
f 516 513 517 
f 512 511 519 
f 511 514 519 
f 514 516 519 
f 515 511 520 
f 511 517 520 
f 517 515 520 
f 510 513 521 
f 513 516 521 
f 516 514 521 
f 514 515 522 
f 512 516 523 
f 517 512 523 
f 516 517 523 
f 518 510 524 
f 510 521 524 
f 521 514 524 
f 514 522 524 
f 522 518 524 
f 516 512 525 
f 512 519 525 
f 519 516 525 
f 513 510 526 
f 515 513 526 
f 510 518 526 
f 522 515 526 
o convex_30
v -0.023999 -0.015038 0.046893
v -0.019012 -0.025013 -0.001990
v -0.022003 -0.023016 -0.001990
v -0.023001 -0.015038 0.000005
v -0.014025 -0.024014 0.046893
v -0.019012 -0.025013 0.045888
v -0.014025 -0.025013 0.000005
v -0.023999 -0.020026 0.045888
v -0.023999 -0.020026 -0.001990
v -0.014025 -0.024014 0.000005
v -0.023001 -0.015038 0.046893
v -0.014025 -0.025013 0.046893
v -0.023999 -0.015038 0.000005
v -0.016021 -0.024014 -0.001990
v -0.023001 -0.021022 0.046893
v -0.023001 -0.017034 -0.001990
v -0.023001 -0.022019 0.000005
f 541 534 543 
f 529 528 532 
f 532 528 533 
f 528 529 535 
f 534 527 535 
f 530 531 536 
f 531 533 536 
f 530 527 537 
f 527 531 537 
f 531 530 537 
f 531 527 538 
f 533 531 538 
f 532 533 538 
f 527 530 539 
f 535 527 539 
f 533 528 540 
f 528 535 540 
f 530 536 540 
f 536 533 540 
f 527 534 541 
f 538 527 541 
f 532 538 541 
f 539 530 542 
f 535 539 542 
f 540 535 542 
f 530 540 542 
f 529 532 543 
f 535 529 543 
f 534 535 543 
f 532 541 543 
o convex_31
v 0.017901 -0.021022 -0.060849
v 0.022887 -0.002068 -0.041898
v 0.023885 -0.002068 -0.054860
v 0.020892 -0.002068 -0.053864
v 0.015904 -0.017030 -0.041898
v 0.020892 -0.015036 -0.041898
v 0.023885 -0.009052 -0.060849
v 0.015904 -0.019024 -0.060849
v 0.021888 -0.003066 -0.060849
v 0.015904 -0.020024 -0.041898
v 0.020892 -0.002068 -0.041898
v 0.022887 -0.008054 -0.041898
v 0.022887 -0.013038 -0.059849
v 0.019895 -0.017030 -0.041898
v 0.019895 -0.019024 -0.060849
v 0.016903 -0.022020 -0.058851
v 0.023885 -0.002068 -0.060849
v 0.015904 -0.017030 -0.050875
v 0.015904 -0.022020 -0.060849
f 559 553 562 
f 545 546 547 
f 545 548 549 
f 550 544 551 
f 550 551 552 
f 551 547 552 
f 549 548 553 
f 548 551 553 
f 545 547 554 
f 547 548 554 
f 548 545 554 
f 546 545 555 
f 545 549 555 
f 550 546 555 
f 550 555 556 
f 555 549 556 
f 556 549 557 
f 549 553 557 
f 544 550 558 
f 550 556 558 
f 556 557 558 
f 557 553 559 
f 544 558 559 
f 558 557 559 
f 547 546 560 
f 546 550 560 
f 550 552 560 
f 552 547 560 
f 548 547 561 
f 551 548 561 
f 547 551 561 
f 551 544 562 
f 553 551 562 
f 544 559 562 
o convex_32
v 0.023885 -0.002068 -0.060849
v 0.018898 0.017883 -0.041898
v 0.017899 0.017883 -0.041898
v 0.017899 0.020877 -0.060849
v 0.022887 0.014889 -0.060849
v 0.020892 -0.002068 -0.041898
v 0.022887 0.006913 -0.041898
v 0.020892 -0.002068 -0.052866
v 0.017899 0.013892 -0.043892
v 0.022887 -0.002068 -0.041898
v 0.017899 0.016886 -0.059849
v 0.021890 -0.002068 -0.059849
v 0.023885 0.010900 -0.059849
v 0.020892 0.014889 -0.041898
v 0.019895 0.019877 -0.059849
v 0.023885 -0.002068 -0.054860
f 575 569 578 
f 565 564 566 
f 563 566 567 
f 564 565 568 
f 564 568 569 
f 563 568 570 
f 570 568 571 
f 565 566 571 
f 568 565 571 
f 568 563 572 
f 569 568 572 
f 570 571 573 
f 571 566 573 
f 566 563 574 
f 563 570 574 
f 573 566 574 
f 570 573 574 
f 563 567 575 
f 564 569 576 
f 575 567 576 
f 569 575 576 
f 566 564 577 
f 567 566 577 
f 564 576 577 
f 576 567 577 
f 572 563 578 
f 569 572 578 
f 563 575 578 
o convex_33
v 0.004931 -0.030999 -0.014954
v 0.017899 -0.025013 0.001003
v 0.015903 -0.025013 0.002998
v 0.004931 -0.025013 -0.030921
v 0.017899 -0.026012 -0.018948
v 0.004931 -0.028006 0.002998
v 0.009920 -0.030000 0.001003
v 0.012910 -0.029003 -0.016953
v 0.011913 -0.025013 0.002998
v 0.006926 -0.026012 -0.030921
v 0.014906 -0.028006 0.001003
v 0.017899 -0.025013 -0.018948
v 0.004931 -0.030999 0.001003
v 0.004931 -0.025013 -0.021940
v 0.005928 -0.027009 0.002998
v 0.008922 -0.029003 0.002998
v 0.005928 -0.030999 -0.014954
v 0.010917 -0.026012 -0.027926
v 0.017899 -0.026012 0.001003
f 589 583 597 
f 581 580 582 
f 582 579 584 
f 581 582 587 
f 584 581 587 
f 579 582 588 
f 586 583 589 
f 585 586 589 
f 582 580 590 
f 580 583 590 
f 584 579 591 
f 582 584 592 
f 587 582 592 
f 587 592 593 
f 584 587 593 
f 592 584 593 
f 581 584 594 
f 589 581 594 
f 585 589 594 
f 584 591 594 
f 591 585 594 
f 586 585 595 
f 579 588 595 
f 588 586 595 
f 591 579 595 
f 585 591 595 
f 583 586 596 
f 588 582 596 
f 586 588 596 
f 582 590 596 
f 590 583 596 
f 580 581 597 
f 583 580 597 
f 581 589 597 
o convex_34
v -0.016017 -0.027009 0.044890
v -0.005045 -0.025013 0.054873
v -0.007041 -0.025013 0.054873
v -0.016017 -0.025013 0.002998
v -0.005045 -0.029003 0.002998
v -0.005045 -0.030001 0.046886
v -0.009037 -0.029003 0.002998
v -0.018014 -0.025013 0.043895
v -0.006043 -0.027009 0.002998
v -0.009037 -0.030001 0.044890
v -0.012027 -0.025013 0.002998
v -0.016017 -0.026012 0.002998
v -0.012027 -0.029003 0.041899
v -0.012027 -0.026012 0.051877
v -0.018014 -0.026012 0.041899
v -0.006043 -0.028006 0.051877
v -0.012027 -0.028006 0.002998
v -0.005045 -0.025013 0.050882
f 606 608 615 
f 600 599 601 
f 602 599 603 
f 601 602 604 
f 600 601 605 
f 602 601 606 
f 602 603 607 
f 604 602 607 
f 601 599 608 
f 606 601 608 
f 601 604 609 
f 607 598 610 
f 604 607 610 
f 605 598 611 
f 600 605 611 
f 598 607 611 
f 598 605 612 
f 605 601 612 
f 601 609 612 
f 610 598 612 
f 599 600 613 
f 603 599 613 
f 607 603 613 
f 600 611 613 
f 611 607 613 
f 609 604 614 
f 604 610 614 
f 612 609 614 
f 610 612 614 
f 599 602 615 
f 602 606 615 
f 608 599 615 
o convex_35
v 0.029869 -0.010049 -0.016955
v 0.024884 0.015889 -0.011966
v 0.024884 0.015889 -0.012966
v 0.023886 -0.019028 -0.011966
v 0.023886 -0.007055 -0.030921
v 0.030867 0.001920 -0.011966
v 0.024884 0.001920 -0.030921
v 0.023886 0.015889 -0.012966
v 0.024884 -0.019028 -0.019948
v 0.028872 -0.013040 -0.011966
v 0.024884 0.008903 -0.024933
v 0.024884 -0.011044 -0.028920
v 0.023886 0.004917 -0.028920
v 0.030867 -0.003063 -0.014964
v 0.026879 -0.017028 -0.018950
v 0.024884 -0.007055 -0.030921
v 0.028872 0.007905 -0.012966
v 0.023886 -0.019028 -0.019948
v 0.030867 0.001920 -0.012966
v 0.030867 -0.006057 -0.011966
v 0.026879 -0.017028 -0.011966
f 630 625 636 
f 617 619 621 
f 617 618 623 
f 619 617 623 
f 620 619 623 
f 621 619 625 
f 623 618 626 
f 622 620 628 
f 620 623 628 
f 626 622 628 
f 623 626 628 
f 616 625 630 
f 627 616 630 
f 624 627 630 
f 620 622 631 
f 616 627 631 
f 627 620 631 
f 629 616 631 
f 622 629 631 
f 618 617 632 
f 617 621 632 
f 626 618 632 
f 619 620 633 
f 624 619 633 
f 620 627 633 
f 627 624 633 
f 622 626 634 
f 629 622 634 
f 621 629 634 
f 632 621 634 
f 626 632 634 
f 621 625 635 
f 625 616 635 
f 616 629 635 
f 629 621 635 
f 619 624 636 
f 625 619 636 
f 624 630 636 
o convex_36
v 0.026879 -0.017031 -0.011966
v 0.029870 -0.003066 0.003996
v 0.030867 -0.003066 0.002000
v 0.028873 -0.003066 -0.011966
v 0.023886 -0.014039 0.003996
v 0.027875 -0.015037 0.001002
v 0.023886 -0.019028 -0.011966
v 0.030867 -0.006059 -0.011966
v 0.024884 -0.018029 0.003996
v 0.027875 -0.003066 0.003996
v 0.023886 -0.016034 -0.011966
v 0.030867 -0.007056 0.001002
v 0.028873 -0.013042 -0.011966
v 0.024884 -0.019028 0.002000
v 0.027875 -0.003066 0.000004
v 0.028873 -0.010050 0.003996
v 0.030867 -0.003066 -0.011966
v 0.023886 -0.019028 0.002000
f 650 645 654 
f 638 639 640 
f 640 637 643 
f 637 640 644 
f 638 641 645 
f 638 640 646 
f 641 638 646 
f 640 643 647 
f 643 641 647 
f 639 638 648 
f 644 639 648 
f 642 637 649 
f 637 644 649 
f 648 642 649 
f 644 648 649 
f 637 642 650 
f 643 637 650 
f 642 645 650 
f 646 640 651 
f 641 646 651 
f 647 641 651 
f 640 647 651 
f 638 645 652 
f 645 642 652 
f 648 638 652 
f 642 648 652 
f 640 639 653 
f 639 644 653 
f 644 640 653 
f 641 643 654 
f 645 641 654 
f 643 650 654 
o convex_37
v -0.011031 0.022872 -0.027928
v 0.001938 0.030853 -0.010968
v 0.001938 0.028856 -0.010968
v 0.001938 0.025865 -0.027928
v -0.010032 0.029854 -0.016955
v -0.011031 0.026862 -0.010968
v 0.001938 0.024868 -0.021942
v -0.011031 0.025865 -0.027928
v -0.007040 0.030853 -0.014959
v -0.010032 0.029854 -0.010968
v -0.000058 0.026862 -0.026930
v 0.001938 0.023870 -0.027928
v 0.001938 0.026862 -0.013962
v 0.001938 0.030853 -0.012966
v -0.010032 0.022872 -0.026930
f 661 667 669 
f 656 657 658 
f 657 656 660 
f 658 657 661 
f 658 655 662 
f 660 659 662 
f 655 660 662 
f 662 659 663 
f 660 656 664 
f 659 660 664 
f 656 663 664 
f 663 659 664 
f 658 662 665 
f 662 663 665 
f 655 658 666 
f 658 661 666 
f 657 660 667 
f 661 657 667 
f 656 658 668 
f 663 656 668 
f 658 665 668 
f 665 663 668 
f 660 655 669 
f 655 666 669 
f 666 661 669 
f 667 660 669 
o convex_38
v 0.030867 -0.003066 -0.011966
v 0.024884 0.017882 0.003996
v 0.025881 0.017882 0.002000
v 0.023886 0.015886 -0.011966
v 0.027875 -0.003066 0.003996
v 0.030867 0.006913 0.001002
v 0.029870 0.009902 -0.009971
v 0.023886 0.011897 -0.011966
v 0.023886 0.013891 0.003996
v 0.028873 -0.003066 -0.011966
v 0.029870 -0.003066 0.003996
v 0.024884 0.019879 -0.006977
v 0.030867 0.003919 -0.011966
v 0.023886 0.019879 0.001002
v 0.028873 0.009902 0.003996
v 0.028873 0.012894 0.001002
v 0.030867 -0.003066 0.002000
v 0.025881 0.014891 -0.011966
v 0.027875 -0.003066 0.000004
v 0.026879 0.016885 -0.006977
f 687 681 689 
f 673 670 677 
f 677 674 678 
f 674 671 678 
f 673 677 678 
f 670 674 679 
f 677 670 679 
f 674 670 680 
f 671 674 680 
f 670 673 682 
f 675 670 682 
f 676 675 682 
f 671 672 683 
f 678 671 683 
f 673 678 683 
f 672 681 683 
f 681 673 683 
f 672 671 684 
f 671 680 684 
f 680 675 684 
f 675 676 685 
f 672 684 685 
f 684 675 685 
f 670 675 686 
f 680 670 686 
f 675 680 686 
f 673 681 687 
f 682 673 687 
f 676 682 687 
f 674 677 688 
f 679 674 688 
f 677 679 688 
f 681 672 689 
f 685 676 689 
f 672 685 689 
f 676 687 689 
o convex_39
v 0.029871 0.005913 0.039909
v 0.023885 -0.018030 0.003996
v 0.024883 -0.018030 0.003996
v 0.029871 0.005913 0.003996
v 0.029871 -0.006059 0.039909
v 0.023885 -0.014036 0.039909
v 0.027875 0.005913 0.003996
v 0.029871 -0.006059 0.003996
v 0.027875 0.005913 0.039909
v 0.024883 -0.018030 0.039909
v 0.023885 -0.014036 0.003996
v 0.028872 -0.010048 0.039909
v 0.028872 -0.010048 0.003996
v 0.023885 -0.018030 0.039909
f 699 695 703 
f 692 691 693 
f 693 690 694 
f 694 690 695 
f 693 691 696 
f 690 693 696 
f 692 693 697 
f 693 694 697 
f 695 690 698 
f 690 696 698 
f 696 695 698 
f 691 692 699 
f 694 695 699 
f 691 695 700 
f 695 696 700 
f 696 691 700 
f 697 694 701 
f 699 692 701 
f 694 699 701 
f 692 697 702 
f 701 692 702 
f 697 701 702 
f 695 691 703 
f 691 699 703 
o convex_40
v 0.024884 0.017884 0.039909
v 0.027875 0.005913 0.003996
v 0.028873 0.005913 0.003996
v 0.027875 0.005913 0.039909
v 0.023885 0.013893 0.003996
v 0.028873 0.009904 0.003996
v 0.028873 0.009904 0.039909
v 0.023885 0.013893 0.039909
v 0.023885 0.017884 0.003996
v 0.026878 0.014891 0.003996
v 0.026878 0.006911 0.003996
v 0.028873 0.005913 0.039909
v 0.023885 0.017884 0.039909
v 0.026878 0.006911 0.039909
v 0.026878 0.014891 0.039909
v 0.024884 0.017884 0.003996
f 704 713 719 
f 705 706 707 
f 706 705 708 
f 706 708 709 
f 704 707 710 
f 706 709 710 
f 707 704 711 
f 708 711 712 
f 709 708 712 
f 709 712 713 
f 710 709 713 
f 705 707 714 
f 708 705 714 
f 711 708 714 
f 707 706 715 
f 706 710 715 
f 710 707 715 
f 711 704 716 
f 712 711 716 
f 704 712 716 
f 707 711 717 
f 714 707 717 
f 711 714 717 
f 704 710 718 
f 713 704 718 
f 710 713 718 
f 712 704 719 
f 713 712 719 
o convex_41
v 0.029869 -0.006059 0.039909
v 0.024884 0.003914 0.057866
v 0.023887 0.003914 0.057866
v 0.024884 0.018881 0.040908
v 0.023887 -0.019022 0.040909
v 0.030867 -0.003065 0.045896
v 0.024884 -0.012043 0.053871
v 0.029871 0.009903 0.043903
v 0.023885 0.017880 0.039909
v 0.028872 -0.013038 0.043905
v 0.024884 0.017880 0.047891
v 0.030867 0.003914 0.040911
v 0.028872 0.008905 0.048888
v 0.023887 -0.018024 0.047891
v 0.024884 -0.018024 0.039909
v 0.024884 -0.007053 0.056866
v 0.029869 0.003914 0.048888
v 0.027874 -0.013038 0.047891
v 0.028872 0.009903 0.039909
v 0.028872 -0.003065 0.050883
v 0.023885 0.011899 0.053873
v 0.024884 -0.019022 0.045896
v 0.024884 0.011899 0.053873
v 0.023887 -0.007053 0.056866
v 0.030867 -0.006059 0.041906
v 0.027875 0.014889 0.043903
v 0.029869 -0.008051 0.046895
v 0.030867 0.004912 0.044901
v 0.028872 -0.013038 0.041906
v 0.023885 0.018881 0.045896
f 740 730 749 
f 728 720 734 
f 724 728 734 
f 721 722 735 
f 732 721 736 
f 735 726 737 
f 728 723 738 
f 720 728 738 
f 731 720 738 
f 727 731 738 
f 721 735 739 
f 725 736 739 
f 736 721 739 
f 722 721 740 
f 728 724 740 
f 724 733 740 
f 726 733 741 
f 733 724 741 
f 724 734 741 
f 729 737 741 
f 737 726 741 
f 721 732 742 
f 732 730 742 
f 740 721 742 
f 730 740 742 
f 733 726 743 
f 735 722 743 
f 726 735 743 
f 722 740 743 
f 740 733 743 
f 720 731 744 
f 731 725 744 
f 723 730 745 
f 732 727 745 
f 730 732 745 
f 738 723 745 
f 727 738 745 
f 737 729 746 
f 735 737 746 
f 739 735 746 
f 725 739 746 
f 744 725 746 
f 729 744 746 
f 725 731 747 
f 731 727 747 
f 727 732 747 
f 736 725 747 
f 732 736 747 
f 734 720 748 
f 741 734 748 
f 729 741 748 
f 744 729 748 
f 720 744 748 
f 723 728 749 
f 730 723 749 
f 728 740 749 
o convex_42
v -0.016019 -0.002066 0.085799
v -0.013026 0.005912 0.089788
v -0.013026 0.008905 0.088792
v -0.013026 -0.007056 0.075824
v -0.014024 0.006910 0.075824
v -0.013026 -0.008054 0.088792
v -0.016019 0.002919 0.088790
v -0.015021 -0.004061 0.075824
v -0.013026 0.006910 0.075824
v -0.015021 -0.006059 0.088790
v -0.015021 0.003915 0.075824
v -0.014024 0.008905 0.088792
v -0.014024 -0.007056 0.075824
f 759 757 762 
f 752 751 753 
f 753 751 755 
f 754 753 757 
f 752 753 758 
f 753 754 758 
f 754 752 758 
f 755 751 759 
f 751 756 759 
f 756 750 759 
f 750 757 759 
f 750 756 760 
f 756 754 760 
f 754 757 760 
f 757 750 760 
f 751 752 761 
f 752 754 761 
f 756 751 761 
f 754 756 761 
f 753 755 762 
f 757 753 762 
f 755 759 762 
o convex_43
v 0.005929 0.025865 -0.022939
v 0.011914 0.028857 -0.002988
v 0.011914 0.026863 -0.002988
v 0.001938 0.028857 -0.002988
v 0.004932 0.030853 -0.011968
v 0.001938 0.025865 -0.016952
v 0.011914 0.026863 -0.014958
v 0.001938 0.026863 -0.024935
v 0.001938 0.030853 -0.002988
v 0.009918 0.025865 -0.007978
v 0.009918 0.029854 -0.009974
v 0.003934 0.026863 -0.024935
v 0.006926 0.030853 -0.002988
v 0.001938 0.030853 -0.011968
v 0.011914 0.025865 -0.014958
f 772 763 777 
f 765 764 766 
f 764 765 769 
f 763 768 770 
f 768 766 770 
f 766 764 771 
f 770 766 771 
f 765 766 772 
f 768 763 772 
f 766 768 772 
f 764 769 773 
f 769 763 774 
f 770 767 774 
f 763 770 774 
f 773 769 774 
f 767 773 774 
f 771 764 775 
f 767 771 775 
f 764 773 775 
f 773 767 775 
f 767 770 776 
f 771 767 776 
f 770 771 776 
f 763 769 777 
f 769 765 777 
f 765 772 777 
o convex_44
v 0.000939 0.012896 0.094778
v -0.014024 -0.005060 0.091785
v -0.012028 -0.007056 0.089790
v -0.009034 0.010900 0.089790
v 0.000939 0.010900 0.089790
v -0.011029 0.008904 0.094778
v -0.009034 -0.007056 0.094778
v -0.013023 0.004912 0.089790
v -0.009034 -0.007056 0.089790
v -0.014024 0.004914 0.093780
v -0.008035 0.012896 0.091785
v -0.013023 -0.005060 0.094778
v 0.000939 0.012896 0.089790
v 0.000939 0.010900 0.094778
v -0.005049 0.012896 0.094778
v -0.012028 0.008904 0.091785
f 783 788 793 
f 780 781 782 
f 778 783 784 
f 780 779 785 
f 781 780 785 
f 780 782 786 
f 784 780 786 
f 782 784 786 
f 785 779 787 
f 779 780 789 
f 780 784 789 
f 784 783 789 
f 783 787 789 
f 787 779 789 
f 778 782 790 
f 782 781 790 
f 788 778 790 
f 781 788 790 
f 782 778 791 
f 778 784 791 
f 784 782 791 
f 783 778 792 
f 778 788 792 
f 788 783 792 
f 781 785 793 
f 787 783 793 
f 785 787 793 
f 788 781 793 
o convex_45
v 0.010916 -0.006060 0.074825
v 0.023885 -0.002068 0.058866
v 0.023885 -0.006060 0.058866
v 0.021888 -0.013042 0.050886
v 0.012912 -0.009050 0.075823
v 0.010916 -0.012044 0.065843
v 0.022886 -0.002068 0.054874
v 0.023885 -0.013042 0.053879
v 0.015905 -0.002068 0.074825
v 0.010916 -0.013042 0.071829
v 0.013910 -0.002068 0.070834
v 0.023885 -0.012044 0.049885
v 0.014907 -0.005063 0.075823
v 0.021888 -0.013042 0.057868
v 0.012912 -0.002068 0.075823
v 0.017898 -0.002068 0.062854
v 0.021888 -0.012044 0.050886
v 0.010916 -0.013042 0.065843
v 0.011915 -0.011046 0.074825
f 803 807 812 
f 795 796 801 
f 796 795 802 
f 795 800 802 
f 794 799 803 
f 797 801 803 
f 799 794 804 
f 802 800 804 
f 800 795 805 
f 795 801 805 
f 801 797 805 
f 796 802 806 
f 801 796 807 
f 803 801 807 
f 806 798 807 
f 796 806 807 
f 794 798 808 
f 804 794 808 
f 802 804 808 
f 798 806 808 
f 806 802 808 
f 800 799 809 
f 799 804 809 
f 804 800 809 
f 797 799 810 
f 799 800 810 
f 800 805 810 
f 805 797 810 
f 799 797 811 
f 803 799 811 
f 797 803 811 
f 798 794 812 
f 794 803 812 
f 807 798 812 
o convex_46
v -0.015023 -0.014041 -0.099754
v -0.015023 -0.027006 -0.090777
v -0.014025 -0.027006 -0.090777
v -0.021006 -0.014041 -0.086786
v -0.023999 -0.014041 -0.091777
v -0.015023 -0.021022 -0.102748
v -0.014025 -0.013045 -0.093770
v -0.022003 -0.022019 -0.087786
v -0.014025 -0.025011 -0.086786
v -0.014025 -0.016037 -0.102748
v -0.018015 -0.024014 -0.094767
v -0.023999 -0.013045 -0.087786
v -0.019012 -0.025011 -0.086786
v -0.023999 -0.013045 -0.091777
v -0.023999 -0.017033 -0.086786
v -0.014025 -0.023017 -0.100750
v -0.015023 -0.016037 -0.102748
f 826 813 829 
f 814 815 821 
f 815 819 821 
f 819 816 821 
f 819 815 822 
f 813 819 822 
f 817 818 823 
f 820 817 823 
f 816 819 824 
f 814 821 825 
f 821 816 825 
f 823 814 825 
f 820 823 825 
f 818 817 826 
f 819 813 826 
f 817 824 826 
f 824 819 826 
f 817 820 827 
f 824 817 827 
f 816 824 827 
f 820 825 827 
f 825 816 827 
f 815 814 828 
f 818 822 828 
f 822 815 828 
f 814 823 828 
f 823 818 828 
f 813 822 829 
f 822 818 829 
f 818 826 829 
o convex_47
v -0.023999 -0.000073 -0.105738
v -0.015023 -0.013042 -0.096763
v -0.014025 -0.013042 -0.096763
v -0.022003 -0.012043 -0.088782
v -0.014025 -0.000073 -0.102747
v -0.023001 -0.006060 -0.105738
v -0.023999 -0.013042 -0.093772
v -0.015023 -0.004064 -0.105738
v -0.014025 -0.009051 -0.093772
v -0.023999 -0.000073 -0.102747
v -0.017018 -0.000073 -0.106738
v -0.017018 -0.013042 -0.090778
v -0.023999 -0.011046 -0.098757
v -0.018015 -0.005062 -0.106738
v -0.023999 -0.013042 -0.089782
v -0.022003 -0.009051 -0.102747
v -0.014025 -0.005062 -0.104742
f 843 837 846 
f 831 832 836 
f 834 833 838 
f 832 834 838 
f 834 830 839 
f 833 834 839 
f 830 836 839 
f 830 834 840 
f 834 837 840 
f 836 832 841 
f 832 838 841 
f 838 833 841 
f 830 835 842 
f 836 830 842 
f 831 836 842 
f 835 830 843 
f 830 840 843 
f 840 837 843 
f 833 839 844 
f 839 836 844 
f 836 841 844 
f 841 833 844 
f 832 831 845 
f 831 842 845 
f 842 835 845 
f 843 832 845 
f 835 843 845 
f 834 832 846 
f 837 834 846 
f 832 843 846 
o convex_48
v 0.001938 -0.018030 -0.103743
v -0.002053 -0.030998 -0.087784
v 0.001938 -0.030998 -0.087784
v 0.004931 -0.018030 -0.092774
v 0.003932 -0.027007 -0.096762
v -0.002053 -0.018030 -0.106738
v -0.002053 -0.026009 -0.102745
v 0.005928 -0.027007 -0.086786
v -0.002053 -0.029002 -0.086786
v 0.005928 -0.019029 -0.095766
v 0.005928 -0.030000 -0.088782
v 0.001938 -0.022022 -0.103743
v -0.002053 -0.018030 -0.103743
v 0.002935 -0.018030 -0.093772
v -0.000057 -0.029002 -0.096762
v -0.000057 -0.024017 -0.104742
v 0.005928 -0.027007 -0.092774
f 858 856 863 
f 850 847 852 
f 848 852 853 
f 848 849 855 
f 852 848 855 
f 849 854 855 
f 854 850 855 
f 847 850 856 
f 850 854 856 
f 856 854 857 
f 854 849 857 
f 852 847 858 
f 847 856 858 
f 850 852 859 
f 852 855 859 
f 859 855 860 
f 855 850 860 
f 850 859 860 
f 849 848 861 
f 848 853 861 
f 857 849 861 
f 851 857 861 
f 853 852 862 
f 852 858 862 
f 858 851 862 
f 861 853 862 
f 851 861 862 
f 856 857 863 
f 857 851 863 
f 851 858 863 
o convex_49
v -0.022003 -0.023020 -0.075814
v -0.004048 -0.026012 -0.060850
v -0.004048 -0.028004 -0.060850
v -0.004051 -0.029002 -0.086786
v -0.010036 -0.029999 -0.068829
v -0.018012 -0.022021 -0.086786
v -0.017015 -0.022021 -0.060850
v -0.012031 -0.029002 -0.086786
v -0.004051 -0.030997 -0.084788
v -0.013025 -0.022021 -0.062845
v -0.015018 -0.028004 -0.069827
v -0.019010 -0.025015 -0.086786
v -0.004048 -0.030997 -0.066836
v -0.010036 -0.027007 -0.060850
v -0.022003 -0.022021 -0.082793
v -0.005048 -0.028004 -0.086786
v -0.017015 -0.023020 -0.060850
v -0.004048 -0.026012 -0.062845
v -0.006046 -0.030997 -0.082793
v -0.015020 -0.028004 -0.082793
v -0.018013 -0.026012 -0.070825
f 883 874 884 
f 866 865 870 
f 869 867 871 
f 871 867 872 
f 870 865 873 
f 869 870 873 
f 869 871 875 
f 865 866 876 
f 872 867 876 
f 866 870 877 
f 874 868 877 
f 876 866 877 
f 868 876 877 
f 864 870 878 
f 870 869 878 
f 875 864 878 
f 869 875 878 
f 867 869 879 
f 870 864 880 
f 877 870 880 
f 874 877 880 
f 873 865 881 
f 869 873 881 
f 865 876 881 
f 876 867 881 
f 867 879 881 
f 879 869 881 
f 868 871 882 
f 871 872 882 
f 876 868 882 
f 872 876 882 
f 871 868 883 
f 868 874 883 
f 875 871 883 
f 864 875 883 
f 880 864 884 
f 874 880 884 
f 864 883 884 
o convex_50
v 0.001941 0.030851 -0.002983
v 0.015902 0.025865 0.040903
v 0.015902 0.023871 0.040903
v 0.001941 0.027859 0.040903
v 0.013907 0.023871 0.000011
v 0.014905 0.027859 -0.002983
v 0.005929 0.029854 0.040903
v 0.001941 0.027859 0.000011
v 0.006927 0.030851 0.000011
v 0.015902 0.024868 -0.002983
v 0.009917 0.028857 0.040903
v 0.001941 0.029854 0.040903
v 0.013907 0.023871 0.040903
v 0.012910 0.028857 0.001007
v 0.014905 0.026863 0.040903
v 0.001941 0.028857 -0.002983
v 0.015902 0.026863 -0.002983
v 0.015902 0.023871 0.000011
f 889 894 902 
f 887 886 888 
f 888 886 891 
f 888 885 892 
f 889 888 892 
f 890 885 893 
f 886 887 894 
f 885 890 894 
f 891 886 895 
f 893 891 895 
f 885 888 896 
f 888 891 896 
f 893 885 896 
f 891 893 896 
f 887 888 897 
f 888 889 897 
f 889 887 897 
f 890 893 898 
f 893 895 898 
f 898 895 899 
f 895 886 899 
f 890 898 899 
f 892 885 900 
f 889 892 900 
f 894 889 900 
f 885 894 900 
f 886 894 901 
f 894 890 901 
f 899 886 901 
f 890 899 901 
f 887 889 902 
f 894 887 902 
o convex_51
v -0.027989 -0.015038 -0.083791
v -0.015023 -0.021020 -0.060852
v -0.015023 -0.022020 -0.060852
v -0.019014 -0.021020 -0.086784
v -0.021009 -0.013042 -0.065840
v -0.023001 -0.022020 -0.073817
v -0.023001 -0.014042 -0.060852
v -0.023003 -0.014042 -0.086784
v -0.027990 -0.013042 -0.075809
v -0.022005 -0.022020 -0.086784
v -0.018016 -0.022020 -0.060852
v -0.027989 -0.013042 -0.086784
v -0.021009 -0.016035 -0.086784
v -0.027990 -0.015038 -0.075809
v -0.022002 -0.017033 -0.060852
v -0.015023 -0.021020 -0.064843
v -0.021009 -0.013042 -0.060852
v -0.019014 -0.022020 -0.086784
v -0.024996 -0.013042 -0.086784
f 910 914 921 
f 905 904 909 
f 905 908 912 
f 908 903 912 
f 910 906 912 
f 908 905 913 
f 905 909 913 
f 911 907 914 
f 912 903 914 
f 910 912 914 
f 906 910 915 
f 910 907 915 
f 903 908 916 
f 909 911 916 
f 911 914 916 
f 914 903 916 
f 908 913 917 
f 913 909 917 
f 916 908 917 
f 909 916 917 
f 904 905 918 
f 907 904 918 
f 906 915 918 
f 915 907 918 
f 904 907 919 
f 909 904 919 
f 907 911 919 
f 911 909 919 
f 905 912 920 
f 912 906 920 
f 918 905 920 
f 906 918 920 
f 907 910 921 
f 914 907 921 
o convex_52
v 0.021890 0.016886 -0.007976
v 0.020892 0.006910 -0.041894
v 0.021890 0.006910 -0.041894
v 0.019895 0.016886 -0.041894
v 0.016903 0.015887 -0.033907
v 0.023884 0.006910 -0.020950
v 0.023884 0.016886 -0.013964
v 0.021890 0.006910 -0.024932
v 0.022887 0.007909 -0.040896
v 0.016903 0.016886 -0.041894
v 0.017900 0.015887 -0.023941
v 0.022887 0.014890 -0.006978
v 0.019895 0.007909 -0.039898
v 0.023884 0.006910 -0.030920
v 0.021890 0.011898 -0.041894
v 0.023884 0.016886 -0.006978
v 0.020892 0.006910 -0.030920
v 0.020892 0.015887 -0.010970
v 0.017900 0.016886 -0.023941
f 932 939 940 
f 924 923 925 
f 923 924 927 
f 925 922 928 
f 923 927 929 
f 925 923 931 
f 922 925 931 
f 929 927 933 
f 931 923 934 
f 926 931 934 
f 927 924 935 
f 928 927 935 
f 924 930 935 
f 930 928 935 
f 924 925 936 
f 925 928 936 
f 930 924 936 
f 928 930 936 
f 928 922 937 
f 927 928 937 
f 922 933 937 
f 933 927 937 
f 923 929 938 
f 932 926 938 
f 929 932 938 
f 934 923 938 
f 926 934 938 
f 932 929 939 
f 929 933 939 
f 933 922 939 
f 922 931 940 
f 931 926 940 
f 926 932 940 
f 939 922 940 
o convex_53
v -0.022006 -0.005062 -0.060849
v -0.027990 -0.013042 -0.086784
v -0.028987 -0.012042 -0.086784
v -0.028987 -0.000073 -0.086784
v -0.030982 -0.000073 -0.077809
v -0.024000 -0.013042 -0.062847
v -0.025995 -0.013042 -0.086784
v -0.024998 -0.000073 -0.060849
v -0.029984 -0.010049 -0.076811
v -0.023004 -0.000073 -0.064842
v -0.021007 -0.013042 -0.063845
v -0.030982 -0.004064 -0.086784
v -0.024998 -0.005062 -0.060849
v -0.025995 -0.011046 -0.086784
v -0.027990 -0.013042 -0.075813
v -0.021007 -0.013042 -0.060849
v -0.030982 -0.005062 -0.077809
v -0.030982 -0.000073 -0.086784
v -0.024000 -0.011046 -0.060849
f 956 953 959 
f 942 943 944 
f 942 944 947 
f 946 942 947 
f 944 945 948 
f 948 941 950 
f 944 948 950 
f 946 947 951 
f 950 941 951 
f 944 943 952 
f 943 949 952 
f 941 948 953 
f 948 945 953 
f 947 944 954 
f 944 950 954 
f 951 947 954 
f 950 951 954 
f 943 942 955 
f 942 946 955 
f 946 949 955 
f 949 943 955 
f 951 941 956 
f 946 951 956 
f 941 953 956 
f 945 952 957 
f 952 949 957 
f 953 945 957 
f 949 953 957 
f 945 944 958 
f 944 952 958 
f 952 945 958 
f 949 946 959 
f 953 949 959 
f 946 956 959 
o convex_54
v -0.011031 0.014890 0.062856
v 0.001938 0.014890 0.075822
v 0.001938 0.012894 0.075822
v -0.011031 0.007908 0.075822
v -0.009035 0.012894 0.075822
v 0.001938 0.015887 0.066846
v -0.011031 0.016886 0.065848
v -0.010032 0.007908 0.073826
v -0.003051 0.016886 0.071832
v 0.001938 0.016886 0.066846
v -0.010032 0.016886 0.061859
v -0.005044 0.014890 0.075822
v -0.010032 0.009904 0.069836
v 0.001938 0.012894 0.073826
v -0.011031 0.011900 0.074824
f 964 966 974 
f 962 961 963 
f 963 961 964 
f 961 962 965 
f 960 963 966 
f 962 963 967 
f 966 968 969 
f 961 965 969 
f 968 961 969 
f 965 960 970 
f 960 966 970 
f 966 969 970 
f 969 965 970 
f 964 961 971 
f 966 964 971 
f 961 968 971 
f 968 966 971 
f 963 960 972 
f 960 965 972 
f 967 963 972 
f 965 967 972 
f 965 962 973 
f 962 967 973 
f 967 965 973 
f 963 964 974 
f 966 963 974 
o convex_55
v -0.022004 0.005913 -0.105739
v -0.008038 0.008905 -0.096765
v -0.008038 0.005911 -0.096765
v -0.022004 0.011898 -0.091774
v -0.022004 -0.000073 -0.104740
v -0.008038 -0.000073 -0.098760
v -0.015021 0.003919 -0.105739
v -0.008038 0.008905 -0.099754
v -0.020008 0.011898 -0.096763
v -0.008038 -0.000073 -0.101749
v -0.017017 0.011898 -0.091774
v -0.017017 -0.000073 -0.106738
v -0.019010 0.006909 -0.105739
v -0.022004 0.010900 -0.091774
v -0.015021 0.011898 -0.095766
v -0.022004 0.008905 -0.102747
v -0.009038 -0.000073 -0.098760
v -0.022004 -0.000073 -0.106738
v -0.018015 0.004917 -0.106738
f 986 992 993 
f 978 975 979 
f 976 977 980 
f 976 980 982 
f 980 979 984 
f 981 982 984 
f 982 980 984 
f 977 976 985 
f 980 977 985 
f 983 978 985 
f 984 979 986 
f 981 984 986 
f 978 979 988 
f 980 985 988 
f 985 978 988 
f 976 982 989 
f 985 976 989 
f 983 985 989 
f 975 978 990 
f 978 983 990 
f 982 987 990 
f 987 975 990 
f 989 982 990 
f 983 989 990 
f 979 980 991 
f 988 979 991 
f 980 988 991 
f 979 975 992 
f 986 979 992 
f 982 981 993 
f 981 986 993 
f 987 982 993 
f 975 987 993 
f 992 975 993 
o convex_56
v -0.016020 0.019878 -0.101749
v -0.015021 0.026861 -0.087785
v -0.015021 0.026861 -0.088783
v -0.022004 0.020875 -0.087785
v -0.015021 0.011900 -0.092773
v -0.022004 0.011900 -0.094767
v -0.021006 0.012898 -0.087785
v -0.015021 0.015890 -0.100751
v -0.021006 0.022870 -0.089781
v -0.015021 0.022870 -0.099753
v -0.017017 0.023867 -0.096761
v -0.015021 0.023867 -0.087785
v -0.015021 0.011900 -0.095764
v -0.022004 0.011900 -0.089781
f 1000 997 1007 
f 996 995 998 
f 995 997 1000 
f 996 998 1001 
f 999 994 1001 
f 995 996 1002 
f 997 995 1002 
f 994 999 1002 
f 999 997 1002 
f 1001 994 1003 
f 996 1001 1003 
f 994 1002 1004 
f 1002 996 1004 
f 1003 994 1004 
f 996 1003 1004 
f 998 995 1005 
f 1000 998 1005 
f 995 1000 1005 
f 998 999 1006 
f 1001 998 1006 
f 999 1001 1006 
f 997 999 1007 
f 999 998 1007 
f 998 1000 1007 
o convex_57
v -0.015022 0.015886 0.063850
v -0.024000 0.000925 0.054875
v -0.023000 0.000925 0.054875
v -0.013027 0.000925 0.075823
v -0.011031 0.015886 0.060860
v -0.024000 0.016886 0.050884
v -0.015022 0.004915 0.075823
v -0.021005 0.015886 0.048888
v -0.012031 0.010901 0.074819
v -0.024000 0.000925 0.058867
v -0.014024 0.000925 0.070835
v -0.024000 0.009902 0.056871
v -0.011031 0.016886 0.064847
v -0.011031 0.005912 0.075823
v -0.024000 0.012894 0.048888
v -0.015022 0.000925 0.075823
v -0.021005 0.016886 0.048888
v -0.017018 0.000925 0.064847
v -0.013027 0.008906 0.075823
v -0.024000 0.004915 0.058867
v -0.011031 0.007909 0.070835
f 1012 1021 1028 
f 1009 1010 1011 
f 1012 1010 1015 
f 1008 1013 1016 
f 1009 1011 1017 
f 1013 1009 1017 
f 1011 1010 1018 
f 1013 1017 1019 
f 1013 1008 1020 
f 1008 1016 1020 
f 1020 1016 1021 
f 1014 1011 1021 
f 1012 1020 1021 
f 1010 1009 1022 
f 1009 1013 1022 
f 1015 1010 1022 
f 1011 1014 1023 
f 1017 1011 1023 
f 1014 1017 1023 
f 1012 1015 1024 
f 1020 1012 1024 
f 1013 1020 1024 
f 1022 1013 1024 
f 1015 1022 1024 
f 1010 1012 1025 
f 1018 1010 1025 
f 1012 1018 1025 
f 1016 1013 1026 
f 1013 1019 1026 
f 1019 1014 1026 
f 1021 1016 1026 
f 1014 1021 1026 
f 1017 1014 1027 
f 1014 1019 1027 
f 1019 1017 1027 
f 1011 1018 1028 
f 1018 1012 1028 
f 1021 1011 1028 
o convex_58
v 0.005928 -0.000075 -0.098758
v -0.008035 -0.000075 -0.100752
v -0.005045 -0.010049 -0.101750
v -0.001055 0.008905 -0.101750
v -0.008035 0.008905 -0.097760
v 0.000939 -0.010049 -0.097760
v 0.005928 -0.010049 -0.100752
v 0.004928 0.008905 -0.097760
v 0.005924 0.008905 -0.100752
v -0.005045 -0.008051 -0.098758
v -0.007039 0.008905 -0.101750
v 0.005928 -0.010049 -0.097760
v -0.000057 -0.010049 -0.101750
v -0.008035 0.002920 -0.097760
f 1038 1034 1042 
f 1034 1031 1035 
f 1032 1033 1036 
f 1033 1034 1036 
f 1029 1035 1037 
f 1032 1036 1037 
f 1036 1029 1037 
f 1030 1031 1038 
f 1031 1034 1038 
f 1031 1030 1039 
f 1032 1031 1039 
f 1033 1032 1039 
f 1030 1033 1039 
f 1035 1029 1040 
f 1034 1035 1040 
f 1029 1036 1040 
f 1036 1034 1040 
f 1031 1032 1041 
f 1035 1031 1041 
f 1032 1037 1041 
f 1037 1035 1041 
f 1033 1030 1042 
f 1034 1033 1042 
f 1030 1038 1042 
o convex_59
v -0.030983 0.002920 -0.087783
v -0.025996 0.012896 -0.076810
v -0.025996 0.012896 -0.087783
v -0.027991 -0.000073 -0.076810
v -0.028987 0.012896 -0.076810
v -0.030983 -0.000073 -0.077809
v -0.028987 -0.000073 -0.087783
v -0.028987 0.011897 -0.087783
v -0.030983 0.005914 -0.077809
v -0.025996 0.010900 -0.087783
v -0.025996 0.009902 -0.076810
v -0.030983 -0.000073 -0.087783
v -0.029985 0.009902 -0.084789
f 1043 1051 1055 
f 1044 1045 1047 
f 1046 1044 1047 
f 1046 1047 1048 
f 1043 1045 1049 
f 1046 1048 1049 
f 1045 1043 1050 
f 1047 1045 1050 
f 1043 1048 1051 
f 1048 1047 1051 
f 1045 1044 1052 
f 1049 1045 1052 
f 1046 1049 1052 
f 1044 1046 1053 
f 1052 1044 1053 
f 1046 1052 1053 
f 1048 1043 1054 
f 1043 1049 1054 
f 1049 1048 1054 
f 1050 1043 1055 
f 1047 1050 1055 
f 1051 1047 1055 
o convex_60
v -0.022005 0.003918 -0.061849
v -0.028988 -0.000073 -0.076810
v -0.028988 0.010900 -0.076810
v -0.024000 0.011897 -0.074812
v -0.024000 0.009902 -0.060852
v -0.024997 -0.000073 -0.060852
v -0.024997 -0.000073 -0.071820
v -0.021007 0.012896 -0.060852
v -0.021007 0.011897 -0.065839
v -0.024997 0.012896 -0.076810
v -0.028988 0.003918 -0.073815
v -0.027990 0.012896 -0.075810
v -0.026991 -0.000073 -0.076810
v -0.023004 -0.000073 -0.064842
v -0.023004 0.012896 -0.060852
v -0.028988 0.010900 -0.075810
v -0.023004 -0.000073 -0.060852
f 1061 1069 1072 
f 1061 1057 1062 
f 1060 1061 1063 
f 1062 1059 1064 
f 1063 1056 1064 
f 1063 1064 1065 
f 1057 1058 1065 
f 1064 1059 1065 
f 1058 1057 1066 
f 1057 1061 1066 
f 1063 1065 1067 
f 1065 1058 1067 
f 1062 1057 1068 
f 1059 1062 1068 
f 1057 1065 1068 
f 1065 1059 1068 
f 1061 1062 1069 
f 1064 1056 1069 
f 1062 1064 1069 
f 1060 1063 1070 
f 1063 1067 1070 
f 1070 1067 1071 
f 1061 1060 1071 
f 1058 1066 1071 
f 1066 1061 1071 
f 1067 1058 1071 
f 1060 1070 1071 
f 1056 1063 1072 
f 1063 1061 1072 
f 1069 1056 1072 
o convex_61
v -0.023999 0.012896 -0.087782
v -0.019013 0.022872 -0.077808
v -0.022006 0.022872 -0.077808
v -0.025994 0.012896 -0.077808
v -0.027989 0.013894 -0.087782
v -0.018015 0.022872 -0.087782
v -0.020011 0.014893 -0.086785
v -0.027989 0.014893 -0.077808
v -0.021008 0.022872 -0.087782
v -0.023999 0.020875 -0.082795
v -0.019013 0.021874 -0.077808
v -0.027989 0.012896 -0.077808
f 1080 1077 1084 
f 1074 1075 1076 
f 1075 1074 1078 
f 1073 1077 1078 
f 1073 1078 1079 
f 1076 1073 1079 
f 1076 1075 1080 
f 1075 1078 1081 
f 1078 1077 1081 
f 1080 1075 1082 
f 1077 1080 1082 
f 1075 1081 1082 
f 1081 1077 1082 
f 1074 1076 1083 
f 1078 1074 1083 
f 1079 1078 1083 
f 1076 1079 1083 
f 1073 1076 1084 
f 1077 1073 1084 
f 1076 1080 1084 
o convex_62
v -0.027990 0.012896 -0.077806
v -0.013028 0.022872 -0.060850
v -0.013028 0.021874 -0.060850
v -0.023000 0.013894 -0.061848
v -0.022003 0.022872 -0.072818
v -0.019014 0.021874 -0.077806
v -0.021006 0.012896 -0.066836
v -0.017019 0.022872 -0.061848
v -0.026990 0.016887 -0.075811
v -0.021006 0.017884 -0.060850
v -0.020011 0.012896 -0.060850
v -0.024995 0.012896 -0.076809
v -0.013028 0.021874 -0.063843
v -0.022003 0.022872 -0.077806
v -0.023000 0.012896 -0.072818
v -0.019014 0.022872 -0.077806
v -0.027990 0.014893 -0.075811
f 1094 1093 1101 
f 1086 1089 1092 
f 1087 1086 1094 
f 1086 1092 1094 
f 1092 1089 1094 
f 1089 1093 1094 
f 1088 1085 1095 
f 1085 1091 1095 
f 1087 1094 1095 
f 1094 1088 1095 
f 1085 1090 1096 
f 1091 1085 1096 
f 1086 1087 1097 
f 1087 1095 1097 
f 1095 1091 1097 
f 1089 1086 1098 
f 1090 1085 1098 
f 1085 1093 1098 
f 1093 1089 1098 
f 1096 1090 1099 
f 1091 1096 1099 
f 1097 1091 1099 
f 1090 1097 1099 
f 1086 1097 1100 
f 1097 1090 1100 
f 1098 1086 1100 
f 1090 1098 1100 
f 1085 1088 1101 
f 1093 1085 1101 
f 1088 1094 1101 
o convex_63
v -0.018012 0.025865 -0.086783
v -0.003050 0.027859 -0.060850
v -0.003050 0.025865 -0.060850
v -0.003050 0.028856 -0.087782
v -0.007042 0.030853 -0.067833
v -0.015020 0.022872 -0.060850
v -0.017015 0.022872 -0.087782
v -0.021007 0.023870 -0.072824
v -0.003050 0.030853 -0.087782
v -0.013025 0.028856 -0.084788
v -0.015020 0.027859 -0.069826
v -0.011032 0.022872 -0.062845
v -0.014022 0.024869 -0.060850
v -0.003050 0.030853 -0.066834
v -0.004049 0.027859 -0.087782
v -0.021007 0.022872 -0.083788
v -0.009037 0.029854 -0.087782
v -0.007042 0.027859 -0.060850
v -0.007042 0.030853 -0.082792
v -0.020009 0.023870 -0.087782
v -0.003050 0.025865 -0.062845
v -0.021007 0.022872 -0.072824
v -0.017014 0.026862 -0.070826
v -0.010035 0.029854 -0.067833
f 1120 1111 1125 
f 1103 1104 1105 
f 1104 1103 1107 
f 1103 1105 1110 
f 1105 1108 1110 
f 1104 1107 1113 
f 1107 1108 1113 
f 1107 1103 1114 
f 1109 1107 1114 
f 1103 1110 1115 
f 1110 1106 1115 
f 1108 1105 1116 
f 1108 1107 1117 
f 1110 1108 1118 
f 1102 1111 1118 
f 1114 1103 1119 
f 1103 1115 1119 
f 1115 1106 1119 
f 1106 1110 1120 
f 1110 1118 1120 
f 1118 1111 1120 
f 1109 1102 1121 
f 1108 1117 1121 
f 1117 1109 1121 
f 1102 1118 1121 
f 1118 1108 1121 
f 1105 1104 1122 
f 1104 1113 1122 
f 1113 1108 1122 
f 1116 1105 1122 
f 1108 1116 1122 
f 1107 1109 1123 
f 1117 1107 1123 
f 1109 1117 1123 
f 1102 1109 1124 
f 1111 1102 1124 
f 1112 1111 1124 
f 1109 1114 1124 
f 1114 1112 1124 
f 1111 1112 1125 
f 1112 1114 1125 
f 1114 1119 1125 
f 1119 1106 1125 
f 1106 1120 1125 
o convex_64
v -0.022005 0.016886 0.046892
v -0.024000 0.013893 0.047883
v -0.024000 0.015888 0.000005
v -0.024000 0.016886 0.048888
v -0.022005 0.014891 0.048888
v -0.023002 0.016886 0.000005
v -0.023002 0.015888 0.000005
f 1131 1126 1132 
f 1128 1127 1129 
f 1126 1129 1130 
f 1129 1127 1130 
f 1128 1129 1131 
f 1129 1126 1131 
f 1127 1128 1132 
f 1126 1130 1132 
f 1130 1127 1132 
f 1128 1131 1132 
o convex_65
v 0.008921 -0.013043 -0.097760
v 0.005928 -0.030001 -0.086789
v 0.005928 -0.029000 -0.088783
v 0.013909 -0.023016 -0.098759
v 0.013909 -0.026009 -0.084793
v 0.013909 -0.013043 -0.106737
v 0.005928 -0.013043 -0.095764
v 0.008921 -0.016038 -0.103743
v 0.006927 -0.026009 -0.084793
v 0.012911 -0.018031 -0.105738
v 0.013909 -0.028004 -0.086789
v 0.006927 -0.013043 -0.101747
v 0.013909 -0.013043 -0.104741
v 0.005928 -0.030001 -0.084793
v 0.009919 -0.013043 -0.105738
v 0.010916 -0.018031 -0.104741
f 1140 1147 1148 
f 1134 1135 1136 
f 1137 1136 1138 
f 1135 1134 1139 
f 1137 1133 1139 
f 1133 1138 1139 
f 1137 1139 1141 
f 1136 1135 1142 
f 1138 1136 1142 
f 1134 1136 1143 
f 1136 1137 1143 
f 1135 1139 1144 
f 1139 1138 1144 
f 1140 1135 1144 
f 1133 1137 1145 
f 1138 1133 1145 
f 1137 1138 1145 
f 1139 1134 1146 
f 1137 1141 1146 
f 1141 1139 1146 
f 1134 1143 1146 
f 1143 1137 1146 
f 1138 1142 1147 
f 1144 1138 1147 
f 1140 1144 1147 
f 1135 1140 1148 
f 1142 1135 1148 
f 1147 1142 1148 
o convex_66
v -0.019010 0.017885 -0.041894
v -0.011031 0.028857 -0.016954
v -0.011031 0.025865 -0.016954
v -0.024000 0.020879 -0.016954
v -0.023000 0.016886 -0.016954
v -0.011031 0.020877 -0.041894
v -0.014024 0.022872 -0.041894
v -0.017017 0.016886 -0.033914
v -0.017018 0.026861 -0.018951
v -0.011031 0.021875 -0.029922
v -0.024000 0.020879 -0.019950
v -0.024000 0.016886 -0.022940
v -0.016020 0.016886 -0.041894
v -0.011031 0.023868 -0.039897
v -0.013027 0.028857 -0.017953
v -0.020009 0.016886 -0.022940
v -0.021005 0.023869 -0.019950
v -0.017017 0.020877 -0.040893
v -0.011031 0.024865 -0.018951
v -0.019010 0.016886 -0.041894
f 1161 1160 1168 
f 1151 1150 1152 
f 1151 1152 1153 
f 1150 1151 1154 
f 1154 1149 1155 
f 1154 1151 1158 
f 1153 1152 1160 
f 1156 1153 1160 
f 1159 1149 1160 
f 1152 1159 1160 
f 1149 1154 1161 
f 1154 1158 1161 
f 1158 1156 1161 
f 1156 1160 1161 
f 1150 1154 1162 
f 1154 1155 1162 
f 1162 1155 1163 
f 1152 1150 1163 
f 1157 1152 1163 
f 1155 1157 1163 
f 1150 1162 1163 
f 1153 1156 1164 
f 1156 1158 1164 
f 1152 1157 1165 
f 1157 1155 1165 
f 1159 1152 1165 
f 1159 1165 1166 
f 1155 1149 1166 
f 1149 1159 1166 
f 1165 1155 1166 
f 1151 1153 1167 
f 1158 1151 1167 
f 1153 1164 1167 
f 1164 1158 1167 
f 1160 1149 1168 
f 1149 1161 1168 
o convex_67
v 0.017900 -0.019027 -0.103744
v 0.027873 -0.013046 -0.084792
v 0.025879 -0.013046 -0.084792
v 0.013913 -0.027006 -0.084792
v 0.013909 -0.013042 -0.104741
v 0.019897 -0.024014 -0.089783
v 0.024882 -0.014041 -0.098758
v 0.013909 -0.023017 -0.098758
v 0.013913 -0.025011 -0.084792
v 0.019894 -0.013042 -0.105737
v 0.025879 -0.018032 -0.084792
v 0.013909 -0.016037 -0.106736
v 0.022887 -0.019030 -0.095765
v 0.017902 -0.024014 -0.094767
v 0.017902 -0.026009 -0.084792
v 0.026876 -0.015040 -0.091774
v 0.014910 -0.027006 -0.088784
v 0.022885 -0.014041 -0.102747
v 0.023884 -0.020025 -0.089783
v 0.026876 -0.013046 -0.092771
f 1175 1186 1188 
f 1170 1171 1172 
f 1171 1170 1173 
f 1172 1171 1177 
f 1171 1173 1177 
f 1173 1176 1177 
f 1176 1172 1177 
f 1173 1170 1178 
f 1170 1172 1179 
f 1169 1176 1180 
f 1176 1173 1180 
f 1178 1169 1180 
f 1173 1178 1180 
f 1176 1169 1182 
f 1169 1181 1182 
f 1181 1174 1182 
f 1179 1172 1183 
f 1174 1179 1183 
f 1170 1179 1184 
f 1181 1175 1184 
f 1172 1176 1185 
f 1182 1174 1185 
f 1176 1182 1185 
f 1183 1172 1185 
f 1174 1183 1185 
f 1169 1178 1186 
f 1181 1169 1186 
f 1175 1181 1186 
f 1179 1174 1187 
f 1174 1181 1187 
f 1184 1179 1187 
f 1181 1184 1187 
f 1178 1170 1188 
f 1170 1184 1188 
f 1184 1175 1188 
f 1186 1178 1188 
o convex_68
v 0.011916 0.008905 0.069833
v 0.023882 0.001922 0.059865
v 0.023882 -0.002068 0.059865
v 0.014908 0.004914 0.075823
v 0.012913 -0.002068 0.073824
v 0.022886 0.008905 0.052878
v 0.021888 -0.002068 0.056869
v 0.023882 0.008905 0.056869
v 0.012913 0.008905 0.075823
v 0.015905 -0.002068 0.074821
v 0.009921 0.007907 0.075823
v 0.013910 0.007907 0.065846
v 0.023882 -0.002068 0.055874
v 0.016902 -0.002068 0.064849
v 0.009921 0.007907 0.073824
v 0.012913 -0.002068 0.075823
v 0.021888 0.007907 0.053878
f 1195 1200 1205 
f 1191 1193 1195 
f 1190 1191 1196 
f 1192 1190 1196 
f 1194 1189 1196 
f 1192 1196 1197 
f 1196 1189 1197 
f 1191 1190 1198 
f 1190 1192 1198 
f 1193 1191 1198 
f 1197 1189 1199 
f 1192 1197 1199 
f 1189 1194 1200 
f 1195 1194 1201 
f 1191 1195 1201 
f 1196 1191 1201 
f 1194 1196 1201 
f 1195 1193 1202 
f 1200 1195 1202 
f 1200 1202 1203 
f 1193 1199 1203 
f 1199 1189 1203 
f 1189 1200 1203 
f 1202 1193 1203 
f 1198 1192 1204 
f 1193 1198 1204 
f 1199 1193 1204 
f 1192 1199 1204 
f 1194 1195 1205 
f 1200 1194 1205 
o convex_69
v 0.005928 -0.011046 -0.096762
v 0.011915 -0.013042 -0.106738
v 0.009919 -0.013042 -0.105740
v 0.012910 -0.007056 -0.105740
v 0.018897 -0.013042 -0.103744
v 0.018897 -0.007056 -0.103744
v 0.005928 -0.007056 -0.101750
v 0.007924 -0.013042 -0.096762
v 0.018897 -0.007056 -0.106738
v 0.005928 -0.013042 -0.099756
v 0.018897 -0.013042 -0.106738
v 0.007924 -0.007056 -0.099756
f 1211 1212 1217 
f 1207 1208 1209 
f 1208 1207 1210 
f 1209 1208 1212 
f 1211 1209 1212 
f 1208 1210 1213 
f 1210 1211 1213 
f 1211 1206 1213 
f 1207 1209 1214 
f 1211 1210 1214 
f 1209 1211 1214 
f 1206 1212 1215 
f 1212 1208 1215 
f 1213 1206 1215 
f 1208 1213 1215 
f 1210 1207 1216 
f 1207 1214 1216 
f 1214 1210 1216 
f 1206 1211 1217 
f 1212 1206 1217 
o convex_70
v 0.018897 -0.001071 -0.093770
v 0.013908 -0.007056 -0.105740
v 0.005928 -0.007056 -0.101749
v 0.005928 -0.001071 -0.100752
v 0.018897 -0.005060 -0.105740
v 0.018897 -0.007056 -0.102746
v 0.005928 -0.006059 -0.098759
v 0.018897 -0.004063 -0.095766
v 0.017898 -0.001071 -0.097762
v 0.005928 -0.001071 -0.098759
v 0.008922 -0.007056 -0.099755
v 0.016900 -0.002068 -0.093770
f 1227 1224 1229 
f 1219 1220 1221 
f 1219 1221 1222 
f 1219 1222 1223 
f 1220 1219 1223 
f 1222 1218 1223 
f 1221 1220 1224 
f 1223 1218 1225 
f 1221 1218 1226 
f 1218 1222 1226 
f 1222 1221 1226 
f 1218 1221 1227 
f 1221 1224 1227 
f 1220 1223 1228 
f 1224 1220 1228 
f 1225 1224 1228 
f 1223 1225 1228 
f 1225 1218 1229 
f 1224 1225 1229 
f 1218 1227 1229 
o convex_71
v 0.021892 -0.011045 -0.105737
v 0.030868 -0.001071 -0.084793
v 0.027873 -0.001071 -0.084793
v 0.025880 -0.013041 -0.084795
v 0.018897 -0.001071 -0.092774
v 0.018897 -0.013041 -0.102745
v 0.019895 -0.004063 -0.103744
v 0.027873 -0.013041 -0.090781
v 0.025880 -0.006061 -0.099752
v 0.027873 -0.009051 -0.095765
v 0.029870 -0.010048 -0.084795
v 0.018897 -0.008054 -0.106738
v 0.018897 -0.001071 -0.096759
v 0.023887 -0.013041 -0.101748
v 0.028872 -0.001071 -0.088787
v 0.021892 -0.006061 -0.104740
v 0.018897 -0.013041 -0.105737
v 0.029870 -0.007057 -0.089782
v 0.018897 -0.002070 -0.092774
f 1234 1235 1248 
f 1231 1232 1233 
f 1232 1231 1234 
f 1233 1232 1234 
f 1233 1235 1237 
f 1230 1238 1239 
f 1231 1233 1240 
f 1233 1237 1240 
f 1235 1234 1241 
f 1234 1231 1242 
f 1241 1234 1242 
f 1236 1241 1242 
f 1237 1235 1243 
f 1239 1237 1243 
f 1230 1239 1243 
f 1231 1238 1244 
f 1242 1231 1244 
f 1236 1242 1244 
f 1238 1230 1245 
f 1230 1241 1245 
f 1241 1236 1245 
f 1244 1238 1245 
f 1236 1244 1245 
f 1241 1230 1246 
f 1235 1241 1246 
f 1230 1243 1246 
f 1243 1235 1246 
f 1238 1231 1247 
f 1237 1239 1247 
f 1239 1238 1247 
f 1231 1240 1247 
f 1240 1237 1247 
f 1233 1234 1248 
f 1235 1233 1248 
o convex_72
v -0.020009 -0.019029 -0.023936
v -0.011031 -0.024015 -0.011967
v -0.011031 -0.025013 -0.011967
v -0.024000 -0.020024 -0.001990
v -0.021005 -0.014040 -0.014957
v -0.013027 -0.024015 -0.025933
v -0.019011 -0.025013 -0.006980
v -0.019011 -0.014040 -0.025933
v -0.016020 -0.024015 -0.001990
v -0.024000 -0.014040 -0.017950
v -0.023001 -0.017034 -0.001990
v -0.011031 -0.022018 -0.025933
v -0.023001 -0.022018 -0.006980
v -0.022003 -0.015037 -0.025933
v -0.019011 -0.025013 -0.001990
v -0.011031 -0.025013 -0.022940
v -0.023001 -0.014040 -0.008974
v -0.018013 -0.021023 -0.024934
v -0.011031 -0.022018 -0.021939
v -0.024000 -0.014040 -0.008974
v -0.024000 -0.020024 -0.007976
f 1262 1249 1269 
f 1251 1250 1257 
f 1253 1256 1258 
f 1257 1250 1259 
f 1252 1257 1259 
f 1250 1251 1260 
f 1254 1256 1260 
f 1256 1254 1262 
f 1258 1256 1262 
f 1255 1251 1263 
f 1251 1257 1263 
f 1257 1252 1263 
f 1261 1255 1263 
f 1252 1261 1263 
f 1255 1254 1264 
f 1251 1255 1264 
f 1260 1251 1264 
f 1254 1260 1264 
f 1250 1253 1265 
f 1253 1258 1265 
f 1259 1250 1265 
f 1254 1255 1266 
f 1261 1249 1266 
f 1255 1261 1266 
f 1249 1262 1266 
f 1262 1254 1266 
f 1253 1250 1267 
f 1256 1253 1267 
f 1250 1260 1267 
f 1260 1256 1267 
f 1258 1252 1268 
f 1252 1259 1268 
f 1265 1258 1268 
f 1259 1265 1268 
f 1252 1258 1269 
f 1249 1261 1269 
f 1261 1252 1269 
f 1258 1262 1269 
o convex_73
v 0.012910 0.006909 -0.105739
v 0.017899 0.000925 -0.093771
v 0.017899 -0.001071 -0.093771
v 0.005928 0.001923 -0.097762
v 0.005928 0.007908 -0.098759
v 0.005928 -0.001071 -0.099757
v 0.017899 0.007908 -0.106737
v 0.017899 -0.001071 -0.096764
v 0.017899 0.003917 -0.095766
v 0.005928 0.007908 -0.101749
v 0.017899 0.003917 -0.103744
v 0.017899 0.007908 -0.103744
v 0.010918 -0.001071 -0.099757
v 0.015903 0.006909 -0.106737
f 1282 1275 1283 
f 1272 1271 1273 
f 1273 1271 1274 
f 1272 1273 1275 
f 1273 1274 1275 
f 1271 1272 1276 
f 1272 1275 1277 
f 1276 1272 1277 
f 1274 1271 1278 
f 1271 1276 1278 
f 1270 1275 1279 
f 1275 1274 1279 
f 1276 1270 1279 
f 1274 1276 1279 
f 1276 1277 1280 
f 1276 1274 1281 
f 1274 1278 1281 
f 1278 1276 1281 
f 1277 1275 1282 
f 1280 1277 1282 
f 1280 1282 1283 
f 1275 1270 1283 
f 1270 1276 1283 
f 1276 1280 1283 
o convex_74
v 0.006927 0.012895 -0.095766
v 0.011914 0.010901 -0.106738
v 0.011914 0.014890 -0.106738
v 0.017899 0.014890 -0.103744
v 0.017899 0.007909 -0.104742
v 0.005928 0.007909 -0.101749
v 0.005928 0.014890 -0.098759
v 0.017899 0.007909 -0.106738
v 0.005928 0.007909 -0.098759
v 0.007925 0.014890 -0.095766
v 0.017899 0.013892 -0.106738
v 0.007925 0.013892 -0.103744
f 1289 1290 1295 
f 1287 1286 1290 
f 1285 1286 1291 
f 1287 1288 1291 
f 1289 1285 1291 
f 1288 1289 1291 
f 1288 1284 1292 
f 1289 1288 1292 
f 1284 1290 1292 
f 1290 1289 1292 
f 1284 1288 1293 
f 1288 1287 1293 
f 1287 1290 1293 
f 1290 1284 1293 
f 1286 1287 1294 
f 1291 1286 1294 
f 1287 1291 1294 
f 1286 1285 1295 
f 1285 1289 1295 
f 1290 1286 1295 
o convex_75
v 0.019896 0.004914 -0.104739
v 0.030868 0.005912 -0.082796
v 0.030868 -0.001071 -0.082796
v 0.017899 0.002920 -0.093770
v 0.017899 -0.001071 -0.095764
v 0.025879 0.006910 -0.099751
v 0.017899 0.006910 -0.102745
v 0.028871 0.006910 -0.082796
v 0.029869 -0.001071 -0.086787
v 0.028871 -0.001071 -0.082796
v 0.029869 0.006910 -0.089783
v 0.021891 -0.001071 -0.094767
v 0.021891 0.005912 -0.104739
v 0.017899 0.006910 -0.105741
v 0.017899 -0.001071 -0.093770
f 1300 1305 1310 
f 1300 1299 1302 
f 1301 1302 1303 
f 1298 1297 1303 
f 1302 1299 1303 
f 1298 1300 1304 
f 1300 1298 1305 
f 1298 1303 1305 
f 1303 1299 1305 
f 1297 1298 1306 
f 1301 1303 1306 
f 1303 1297 1306 
f 1298 1304 1306 
f 1304 1301 1306 
f 1300 1296 1307 
f 1304 1300 1307 
f 1304 1307 1308 
f 1301 1304 1308 
f 1307 1296 1308 
f 1301 1308 1309 
f 1296 1300 1309 
f 1300 1302 1309 
f 1302 1301 1309 
f 1308 1296 1309 
f 1299 1300 1310 
f 1305 1299 1310 
o convex_76
v 0.021892 0.008905 -0.105738
v 0.029871 0.009903 -0.082796
v 0.029871 0.006910 -0.082796
v 0.017899 0.012894 -0.102745
v 0.017899 0.006910 -0.103746
v 0.024882 0.014891 -0.082796
v 0.023885 0.014891 -0.099752
v 0.027874 0.006910 -0.095763
v 0.017899 0.014891 -0.105738
v 0.027874 0.014891 -0.085789
v 0.027874 0.006910 -0.082796
v 0.027874 0.009903 -0.095763
v 0.018898 0.006910 -0.106738
v 0.029871 0.007909 -0.089782
v 0.022888 0.010901 -0.104742
v 0.024882 0.013893 -0.082796
v 0.024882 0.006910 -0.101749
v 0.026878 0.014891 -0.091774
f 1324 1322 1328 
f 1313 1312 1316 
f 1313 1315 1318 
f 1315 1314 1319 
f 1314 1316 1319 
f 1316 1317 1319 
f 1316 1312 1320 
f 1317 1316 1320 
f 1315 1313 1321 
f 1313 1316 1321 
f 1318 1315 1323 
f 1319 1311 1323 
f 1315 1319 1323 
f 1312 1313 1324 
f 1313 1318 1324 
f 1320 1312 1324 
f 1318 1322 1324 
f 1311 1319 1325 
f 1319 1317 1325 
f 1317 1322 1325 
f 1314 1315 1326 
f 1316 1314 1326 
f 1315 1321 1326 
f 1321 1316 1326 
f 1322 1318 1327 
f 1323 1311 1327 
f 1318 1323 1327 
f 1311 1325 1327 
f 1325 1322 1327 
f 1317 1320 1328 
f 1322 1317 1328 
f 1320 1324 1328 
o convex_77
v 0.012911 0.028856 -0.083796
v 0.012911 0.014891 -0.106738
v 0.013909 0.014891 -0.106738
v 0.007925 0.014891 -0.094768
v 0.005928 0.029855 -0.087787
v 0.013909 0.025865 -0.082797
v 0.005928 0.027859 -0.082797
v 0.005928 0.015890 -0.097761
v 0.013909 0.021874 -0.100751
v 0.009919 0.016887 -0.104739
v 0.013909 0.014891 -0.103743
v 0.005928 0.014891 -0.094768
v 0.013909 0.025865 -0.092771
v 0.012911 0.019879 -0.103743
v 0.005928 0.029855 -0.082797
v 0.008921 0.014891 -0.103743
f 1340 1336 1344 
f 1330 1331 1332 
f 1335 1333 1336 
f 1334 1331 1337 
f 1336 1333 1338 
f 1332 1331 1339 
f 1331 1334 1339 
f 1334 1332 1339 
f 1330 1332 1340 
f 1332 1334 1340 
f 1334 1335 1340 
f 1335 1336 1340 
f 1333 1329 1341 
f 1329 1334 1341 
f 1337 1333 1341 
f 1334 1337 1341 
f 1331 1330 1342 
f 1337 1331 1342 
f 1333 1337 1342 
f 1330 1338 1342 
f 1338 1333 1342 
f 1329 1333 1343 
f 1334 1329 1343 
f 1333 1335 1343 
f 1335 1334 1343 
f 1338 1330 1344 
f 1336 1338 1344 
f 1330 1340 1344 
o convex_78
v 0.014907 -0.024014 0.052880
v 0.023885 -0.013043 0.053880
v 0.021888 -0.013043 0.056869
v 0.010916 -0.024014 0.048889
v 0.010916 -0.013043 0.069837
v 0.022886 -0.013043 0.048889
v 0.021888 -0.021021 0.048889
v 0.010916 -0.014041 0.062850
v 0.011915 -0.014041 0.069837
v 0.010916 -0.025013 0.053880
v 0.017898 -0.025013 0.046893
v 0.023885 -0.015039 0.046893
v 0.012912 -0.024014 0.046893
v 0.023885 -0.017034 0.050884
v 0.023885 -0.019028 0.046893
v 0.010916 -0.013043 0.064849
f 1350 1352 1360 
f 1347 1346 1349 
f 1349 1346 1350 
f 1348 1349 1352 
f 1350 1348 1352 
f 1347 1349 1353 
f 1345 1351 1353 
f 1349 1348 1354 
f 1345 1353 1354 
f 1353 1349 1354 
f 1351 1345 1355 
f 1345 1354 1355 
f 1354 1348 1355 
f 1350 1346 1356 
f 1356 1355 1357 
f 1348 1350 1357 
f 1355 1348 1357 
f 1350 1356 1357 
f 1346 1347 1358 
f 1347 1353 1358 
f 1353 1351 1358 
f 1356 1346 1358 
f 1356 1358 1359 
f 1351 1355 1359 
f 1355 1356 1359 
f 1358 1351 1359 
f 1349 1350 1360 
f 1352 1349 1360 
o convex_79
v 0.013909 0.021873 -0.100753
v 0.026878 0.016887 -0.082797
v 0.026878 0.014891 -0.082797
v 0.013909 0.024866 -0.082797
v 0.013909 0.014891 -0.104739
v 0.021888 0.017884 -0.099755
v 0.015907 0.026859 -0.088785
v 0.018898 0.014891 -0.105738
v 0.024880 0.014891 -0.082797
v 0.020891 0.023866 -0.082797
v 0.019896 0.022871 -0.093769
v 0.025878 0.015891 -0.092771
v 0.013909 0.027860 -0.082797
v 0.016904 0.018882 -0.104739
v 0.022887 0.020878 -0.090777
v 0.013909 0.015891 -0.106738
v 0.015907 0.024866 -0.094768
v 0.024880 0.014891 -0.095761
v 0.013909 0.026859 -0.089779
f 1377 1361 1379 
f 1363 1362 1364 
f 1364 1361 1365 
f 1363 1365 1368 
f 1363 1364 1369 
f 1364 1365 1369 
f 1365 1363 1369 
f 1364 1362 1370 
f 1367 1370 1371 
f 1362 1363 1372 
f 1361 1364 1373 
f 1364 1370 1373 
f 1370 1367 1373 
f 1366 1368 1374 
f 1371 1366 1374 
f 1370 1362 1375 
f 1371 1370 1375 
f 1366 1371 1375 
f 1362 1372 1375 
f 1372 1366 1375 
f 1365 1361 1376 
f 1368 1365 1376 
f 1361 1374 1376 
f 1374 1368 1376 
f 1367 1371 1377 
f 1374 1361 1377 
f 1371 1374 1377 
f 1363 1368 1378 
f 1368 1366 1378 
f 1372 1363 1378 
f 1366 1372 1378 
f 1361 1373 1379 
f 1373 1367 1379 
f 1367 1377 1379 
o convex_80
v 0.012912 0.021875 -0.015955
v 0.023885 0.020879 -0.002988
v 0.023885 0.017885 -0.002988
v 0.011914 0.026861 -0.002988
v 0.018897 0.021875 -0.016954
v 0.012912 0.028857 -0.007976
v 0.021888 0.016886 -0.016954
v 0.020892 0.016886 -0.008976
v 0.011914 0.025865 -0.016954
v 0.023885 0.020879 -0.006980
v 0.016902 0.026861 -0.002988
v 0.018897 0.016886 -0.016954
v 0.020892 0.023869 -0.006980
v 0.011914 0.023869 -0.010966
v 0.023885 0.016886 -0.011965
v 0.011914 0.028857 -0.002988
v 0.022887 0.016886 -0.004984
f 1387 1394 1396 
f 1382 1381 1383 
f 1385 1384 1388 
f 1384 1386 1388 
f 1381 1382 1389 
f 1386 1384 1389 
f 1383 1381 1390 
f 1387 1380 1391 
f 1386 1387 1391 
f 1380 1388 1391 
f 1388 1386 1391 
f 1384 1385 1392 
f 1381 1389 1392 
f 1389 1384 1392 
f 1390 1381 1392 
f 1385 1390 1392 
f 1387 1383 1393 
f 1380 1387 1393 
f 1388 1380 1393 
f 1383 1388 1393 
f 1387 1386 1394 
f 1389 1382 1394 
f 1386 1389 1394 
f 1388 1383 1395 
f 1385 1388 1395 
f 1383 1390 1395 
f 1390 1385 1395 
f 1382 1383 1396 
f 1383 1387 1396 
f 1394 1382 1396 
o convex_81
v -0.017017 -0.017033 -0.041898
v -0.012029 -0.026010 -0.060849
v -0.011031 -0.026010 -0.060849
v -0.016018 -0.019029 -0.060849
v -0.011031 -0.021024 -0.041898
v -0.017017 -0.020026 -0.041898
v -0.017017 -0.023017 -0.060849
v -0.013027 -0.023017 -0.041898
v -0.011031 -0.023017 -0.060849
v -0.016018 -0.017033 -0.047883
v -0.017017 -0.019029 -0.060849
v -0.011031 -0.021024 -0.048879
v -0.011031 -0.023017 -0.041898
f 1401 1404 1409 
f 1399 1398 1400 
f 1401 1397 1402 
f 1400 1398 1403 
f 1402 1397 1403 
f 1402 1403 1404 
f 1398 1399 1404 
f 1401 1402 1404 
f 1403 1398 1404 
f 1399 1400 1405 
f 1401 1399 1405 
f 1397 1401 1406 
f 1406 1400 1407 
f 1400 1403 1407 
f 1403 1397 1407 
f 1397 1406 1407 
f 1405 1400 1408 
f 1401 1405 1408 
f 1406 1401 1408 
f 1400 1406 1408 
f 1399 1401 1409 
f 1404 1399 1409 
o convex_82
v -0.011031 -0.024016 -0.060849
v -0.000057 -0.023019 -0.041898
v -0.000057 -0.025013 -0.041898
v -0.011031 -0.022022 -0.041898
v -0.005046 -0.028006 -0.059849
v -0.000057 -0.026010 -0.060849
v -0.011031 -0.024016 -0.041898
v -0.010033 -0.022022 -0.052866
v -0.011031 -0.026010 -0.060849
v -0.000057 -0.028006 -0.060849
v -0.000057 -0.025013 -0.058851
v -0.008036 -0.025013 -0.041898
v -0.009035 -0.027008 -0.058851
v -0.000057 -0.023019 -0.044890
f 1420 1417 1423 
f 1412 1411 1413 
f 1411 1412 1415 
f 1412 1413 1416 
f 1413 1410 1416 
f 1413 1411 1417 
f 1410 1413 1417 
f 1410 1415 1418 
f 1416 1410 1418 
f 1412 1414 1419 
f 1415 1412 1419 
f 1414 1418 1419 
f 1418 1415 1419 
f 1411 1415 1420 
f 1415 1410 1420 
f 1410 1417 1420 
f 1414 1412 1421 
f 1412 1416 1421 
f 1421 1416 1422 
f 1418 1414 1422 
f 1416 1418 1422 
f 1414 1421 1422 
f 1417 1411 1423 
f 1411 1420 1423 
o convex_83
v -0.012030 0.024867 -0.055858
v -0.018013 0.015889 -0.053864
v -0.017016 0.015889 -0.053864
v -0.013027 0.022871 -0.041898
v -0.018013 0.020876 -0.060849
v -0.011032 0.022871 -0.060849
v -0.011032 0.020876 -0.041898
v -0.018013 0.015889 -0.041898
v -0.018013 0.018882 -0.041898
v -0.015021 0.023868 -0.059849
v -0.017016 0.017884 -0.060849
v -0.011032 0.020876 -0.050875
v -0.011032 0.022871 -0.041898
v -0.011032 0.024867 -0.060849
v -0.017016 0.015889 -0.041898
f 1430 1431 1438 
f 1425 1426 1431 
f 1428 1425 1431 
f 1430 1427 1431 
f 1431 1427 1432 
f 1428 1431 1432 
f 1427 1424 1433 
f 1432 1427 1433 
f 1428 1432 1433 
f 1426 1425 1434 
f 1425 1428 1434 
f 1429 1426 1434 
f 1428 1429 1434 
f 1426 1429 1435 
f 1430 1426 1435 
f 1429 1430 1435 
f 1424 1427 1436 
f 1427 1430 1436 
f 1430 1429 1436 
f 1429 1428 1437 
f 1433 1424 1437 
f 1428 1433 1437 
f 1424 1436 1437 
f 1436 1429 1437 
f 1426 1430 1438 
f 1431 1426 1438 
o convex_84
v -0.011031 0.022873 -0.059847
v 0.001938 0.025865 -0.027934
v 0.001938 0.023869 -0.027934
v -0.011031 0.024867 -0.027934
v -0.011031 0.021874 -0.032918
v -0.008035 0.024867 -0.060849
v -0.000058 0.023869 -0.052864
v -0.009034 0.021874 -0.051865
v -0.010031 0.025865 -0.028929
v -0.011031 0.024867 -0.060849
v -0.000058 0.024867 -0.052864
v 0.001938 0.025865 -0.032918
v -0.002053 0.022872 -0.037903
v -0.011031 0.022872 -0.027934
v 0.001938 0.023869 -0.041892
v -0.008038 0.021874 -0.038902
f 1446 1451 1454 
f 1441 1440 1442 
f 1442 1439 1443 
f 1439 1444 1445 
f 1443 1439 1446 
f 1439 1445 1446 
f 1442 1440 1447 
f 1439 1442 1448 
f 1444 1439 1448 
f 1442 1447 1448 
f 1445 1444 1449 
f 1440 1441 1450 
f 1447 1440 1450 
f 1444 1448 1450 
f 1448 1447 1450 
f 1449 1444 1450 
f 1441 1442 1452 
f 1442 1443 1452 
f 1443 1441 1452 
f 1446 1445 1453 
f 1445 1449 1453 
f 1449 1450 1453 
f 1450 1441 1453 
f 1441 1451 1453 
f 1451 1446 1453 
f 1441 1443 1454 
f 1443 1446 1454 
f 1451 1441 1454 
o convex_85
v -0.000057 -0.026010 -0.060849
v 0.015904 -0.019029 -0.041898
v 0.015904 -0.021024 -0.041898
v 0.015904 -0.023018 -0.060849
v 0.014904 -0.019029 -0.057851
v -0.000057 -0.023018 -0.041898
v 0.004931 -0.028006 -0.059847
v 0.006925 -0.025013 -0.041898
v -0.000057 -0.025013 -0.041898
v 0.014904 -0.018030 -0.042896
v 0.010915 -0.026010 -0.058849
v -0.000057 -0.028006 -0.060849
v -0.000057 -0.024016 -0.052865
v 0.015904 -0.020026 -0.060849
v 0.014904 -0.018030 -0.049878
v 0.010915 -0.024016 -0.041898
v 0.014904 -0.024014 -0.059847
v 0.008920 -0.027007 -0.060849
v -0.000057 -0.025013 -0.058849
f 1459 1468 1473 
f 1456 1457 1458 
f 1457 1456 1460 
f 1457 1460 1462 
f 1461 1462 1463 
f 1460 1455 1463 
f 1462 1460 1463 
f 1460 1456 1464 
f 1455 1458 1466 
f 1461 1463 1466 
f 1463 1455 1466 
f 1455 1460 1467 
f 1456 1458 1468 
f 1458 1455 1468 
f 1464 1456 1469 
f 1460 1464 1469 
f 1459 1467 1469 
f 1467 1460 1469 
f 1456 1468 1469 
f 1468 1459 1469 
f 1457 1462 1470 
f 1462 1461 1470 
f 1470 1465 1471 
f 1458 1457 1471 
f 1457 1470 1471 
f 1466 1458 1472 
f 1461 1466 1472 
f 1470 1461 1472 
f 1465 1470 1472 
f 1471 1465 1472 
f 1458 1471 1472 
f 1455 1467 1473 
f 1467 1459 1473 
f 1468 1455 1473 
o convex_86
v 0.013908 -0.019029 -0.037901
v 0.014906 -0.024015 -0.017952
v 0.014906 -0.025013 -0.017952
v 0.005929 -0.025013 -0.025934
v 0.010916 -0.024015 -0.041894
v 0.005929 -0.025013 -0.041894
v 0.014906 -0.022021 -0.041894
v 0.005929 -0.023017 -0.030917
v 0.005929 -0.023017 -0.041894
v 0.014906 -0.019029 -0.041894
v 0.014906 -0.025013 -0.025934
v 0.013908 -0.021024 -0.026932
v 0.005929 -0.024015 -0.025934
f 1485 1481 1486 
f 1476 1475 1477 
f 1476 1477 1479 
f 1475 1476 1480 
f 1478 1479 1480 
f 1479 1477 1481 
f 1479 1481 1482 
f 1480 1479 1482 
f 1481 1474 1482 
f 1480 1482 1483 
f 1475 1480 1483 
f 1482 1474 1483 
f 1476 1479 1484 
f 1479 1478 1484 
f 1480 1476 1484 
f 1478 1480 1484 
f 1474 1481 1485 
f 1475 1483 1485 
f 1483 1474 1485 
f 1477 1475 1486 
f 1481 1477 1486 
f 1475 1485 1486 
o convex_87
v 0.009918 0.021875 -0.051866
v 0.011914 0.025865 -0.008973
v 0.010914 0.025865 -0.008973
v 0.010915 0.024867 -0.060849
v -0.000057 0.024867 -0.051866
v 0.011914 0.020877 -0.030920
v 0.001938 0.023869 -0.025933
v 0.001938 0.025865 -0.020947
v 0.001939 0.022873 -0.043889
v 0.010914 0.022872 -0.016956
v 0.002937 0.025865 -0.032915
v -0.000057 0.023869 -0.051866
v 0.011914 0.020877 -0.041893
v 0.008920 0.023869 -0.060849
v 0.011914 0.025865 -0.018951
v 0.010914 0.024866 -0.008973
v 0.010914 0.020877 -0.030920
v -0.000057 0.023869 -0.041893
v 0.001938 0.024866 -0.020947
f 1504 1493 1505 
f 1489 1488 1494 
f 1492 1488 1496 
f 1490 1491 1497 
f 1494 1488 1497 
f 1491 1494 1497 
f 1487 1495 1498 
f 1487 1490 1499 
f 1488 1492 1499 
f 1495 1487 1499 
f 1490 1487 1500 
f 1491 1490 1500 
f 1487 1498 1500 
f 1498 1491 1500 
f 1497 1488 1501 
f 1490 1497 1501 
f 1488 1499 1501 
f 1499 1490 1501 
f 1488 1489 1502 
f 1489 1494 1502 
f 1496 1488 1502 
f 1493 1495 1503 
f 1492 1496 1503 
f 1496 1493 1503 
f 1499 1492 1503 
f 1495 1499 1503 
f 1494 1491 1504 
f 1495 1493 1504 
f 1491 1498 1504 
f 1498 1495 1504 
f 1493 1496 1505 
f 1502 1494 1505 
f 1496 1502 1505 
f 1494 1504 1505 
o convex_88
v 0.012912 0.024867 -0.055858
v 0.016901 0.015889 -0.047883
v 0.010918 0.020876 -0.045887
v 0.016901 0.020876 -0.042894
v 0.017898 0.018882 -0.060849
v 0.010918 0.022871 -0.060849
v 0.015904 0.023868 -0.060849
v 0.010918 0.022871 -0.041898
v 0.017898 0.015889 -0.041898
v 0.017898 0.021874 -0.058851
v 0.013910 0.022871 -0.041898
v 0.010918 0.024867 -0.060849
v 0.016901 0.017884 -0.059849
v 0.010918 0.020876 -0.041898
v 0.017898 0.018882 -0.041898
v 0.010918 0.023868 -0.043892
f 1517 1513 1521 
f 1507 1508 1511 
f 1510 1511 1512 
f 1511 1508 1513 
f 1507 1510 1514 
f 1512 1509 1515 
f 1510 1512 1515 
f 1514 1510 1515 
f 1512 1506 1516 
f 1509 1512 1516 
f 1513 1514 1516 
f 1506 1512 1517 
f 1512 1511 1517 
f 1511 1513 1517 
f 1510 1507 1518 
f 1507 1511 1518 
f 1511 1510 1518 
f 1508 1507 1519 
f 1513 1508 1519 
f 1507 1514 1519 
f 1514 1513 1519 
f 1515 1509 1520 
f 1514 1515 1520 
f 1509 1516 1520 
f 1516 1514 1520 
f 1516 1506 1521 
f 1513 1516 1521 
f 1506 1517 1521 
o convex_89
v -0.012029 -0.026011 -0.015956
v -0.001056 -0.026011 -0.031918
v -0.003051 -0.026011 -0.030920
v -0.003051 -0.029003 -0.015956
v 0.004931 -0.025014 -0.021942
v 0.004931 -0.029003 -0.015956
v 0.004931 -0.025014 -0.031918
v -0.012029 -0.025014 -0.015956
v 0.004931 -0.027009 -0.015956
v 0.004931 -0.029003 -0.018950
v -0.007040 -0.025014 -0.026929
v -0.009036 -0.026011 -0.023937
v 0.004931 -0.026011 -0.031918
v -0.006042 -0.025014 -0.015956
v -0.003051 -0.029003 -0.016955
f 1522 1533 1536 
f 1522 1525 1527 
f 1526 1527 1528 
f 1522 1527 1529 
f 1526 1528 1529 
f 1527 1526 1530 
f 1529 1527 1530 
f 1527 1525 1531 
f 1528 1527 1531 
f 1523 1524 1532 
f 1528 1523 1532 
f 1529 1528 1532 
f 1529 1532 1533 
f 1522 1529 1533 
f 1532 1524 1533 
f 1523 1528 1534 
f 1531 1523 1534 
f 1528 1531 1534 
f 1526 1529 1535 
f 1530 1526 1535 
f 1529 1530 1535 
f 1524 1523 1536 
f 1525 1522 1536 
f 1523 1531 1536 
f 1531 1525 1536 
f 1533 1524 1536 
o convex_90
v 0.002934 -0.030999 0.001998
v -0.013026 -0.026012 -0.015956
v -0.013026 -0.025013 -0.015956
v -0.018014 -0.026012 0.001000
v 0.004931 -0.028006 0.002998
v 0.003931 -0.030999 -0.014956
v -0.006045 -0.030999 -0.010967
v 0.004931 -0.028006 -0.015956
v -0.012026 -0.025013 0.002998
v -0.009033 -0.030000 0.001998
v -0.007038 -0.025013 -0.015956
v -0.015020 -0.028006 -0.007975
v -0.018014 -0.025013 -0.006975
v 0.004931 -0.030000 0.002998
v -0.005046 -0.029003 -0.015956
v -0.006045 -0.030999 0.001000
v -0.016018 -0.025013 0.002998
v -0.010030 -0.030000 0.001000
v 0.004931 -0.030999 -0.014956
v -0.005046 -0.030000 0.002998
f 1550 1553 1556 
f 1542 1537 1543 
f 1538 1539 1544 
f 1544 1539 1547 
f 1541 1544 1547 
f 1539 1545 1547 
f 1545 1541 1547 
f 1538 1543 1548 
f 1539 1538 1549 
f 1545 1539 1549 
f 1538 1548 1549 
f 1548 1540 1549 
f 1544 1541 1550 
f 1541 1545 1550 
f 1542 1543 1551 
f 1543 1538 1551 
f 1538 1544 1551 
f 1543 1537 1552 
f 1540 1546 1553 
f 1545 1549 1553 
f 1549 1540 1553 
f 1550 1545 1553 
f 1546 1540 1554 
f 1540 1548 1554 
f 1548 1543 1554 
f 1543 1552 1554 
f 1552 1546 1554 
f 1537 1542 1555 
f 1550 1537 1555 
f 1544 1550 1555 
f 1542 1551 1555 
f 1551 1544 1555 
f 1537 1550 1556 
f 1552 1537 1556 
f 1546 1552 1556 
f 1553 1546 1556 
o convex_91
v 0.004931 -0.030001 0.002998
v 0.015904 -0.025013 0.039909
v 0.015904 -0.026012 0.039909
v -0.005045 -0.030001 0.039909
v -0.005045 -0.028006 0.002998
v 0.015904 -0.025013 0.002998
v -0.005045 -0.028006 0.039909
v 0.004931 -0.030001 0.039909
v 0.011914 -0.025013 0.039909
v -0.005045 -0.030001 0.002998
v 0.011914 -0.028006 0.002998
v 0.011914 -0.025013 0.002998
v 0.011914 -0.028006 0.039909
v 0.015904 -0.026012 0.002998
v 0.008918 -0.029003 0.002998
f 1567 1569 1571 
f 1559 1558 1560 
f 1558 1559 1562 
f 1557 1561 1562 
f 1560 1558 1563 
f 1561 1560 1563 
f 1559 1560 1564 
f 1560 1557 1564 
f 1558 1562 1565 
f 1563 1558 1565 
f 1561 1563 1565 
f 1557 1560 1566 
f 1561 1557 1566 
f 1560 1561 1566 
f 1557 1562 1567 
f 1562 1561 1568 
f 1565 1562 1568 
f 1561 1565 1568 
f 1559 1564 1569 
f 1567 1559 1569 
f 1562 1559 1570 
f 1567 1562 1570 
f 1559 1567 1570 
f 1564 1557 1571 
f 1557 1567 1571 
f 1569 1564 1571 
o convex_92
v 0.013908 -0.025013 0.049885
v -0.005045 -0.030000 0.039909
v -0.005045 -0.028006 0.039909
v -0.004046 -0.025013 0.055871
v 0.004931 -0.030000 0.047890
v 0.015903 -0.025013 0.039909
v 0.009915 -0.030000 0.041906
v -0.004046 -0.030999 0.044900
v -0.005045 -0.025013 0.050881
v 0.003936 -0.026012 0.055871
v 0.013908 -0.027009 0.048885
v -0.005045 -0.027009 0.053874
v 0.017899 -0.026012 0.044900
v 0.011912 -0.025013 0.039909
v 0.001940 -0.030999 0.040909
v -0.001054 -0.030000 0.048885
v 0.011912 -0.028006 0.039909
v 0.003936 -0.030999 0.044900
v 0.009915 -0.029003 0.047890
f 1589 1578 1590 
f 1573 1574 1577 
f 1575 1572 1577 
f 1574 1573 1580 
f 1575 1577 1580 
f 1572 1575 1581 
f 1572 1581 1582 
f 1573 1579 1583 
f 1580 1573 1583 
f 1575 1580 1583 
f 1581 1575 1583 
f 1577 1572 1584 
f 1572 1582 1584 
f 1577 1574 1585 
f 1574 1580 1585 
f 1580 1577 1585 
f 1579 1573 1586 
f 1576 1581 1587 
f 1583 1579 1587 
f 1581 1583 1587 
f 1573 1577 1588 
f 1577 1584 1588 
f 1584 1578 1588 
f 1586 1573 1588 
f 1578 1586 1588 
f 1586 1578 1589 
f 1579 1586 1589 
f 1576 1587 1589 
f 1587 1579 1589 
f 1581 1576 1590 
f 1582 1581 1590 
f 1578 1584 1590 
f 1584 1582 1590 
f 1576 1589 1590 
o convex_93
v 0.020892 0.023867 -0.002983
v 0.022887 0.014891 0.046884
v 0.023885 0.014891 0.046884
v 0.015904 0.024864 0.040899
v 0.015904 0.022871 0.000014
v 0.023885 0.015889 0.000010
v 0.023885 0.018883 0.040899
v 0.015904 0.026862 -0.002983
v 0.017901 0.024864 0.040899
v 0.023885 0.020877 -0.002983
v 0.015904 0.022871 0.040899
v 0.022887 0.015889 0.000010
v 0.023885 0.016887 0.047890
v 0.016903 0.026862 0.001010
v 0.022887 0.017885 -0.002983
v 0.021889 0.015889 0.047890
v 0.020892 0.023867 0.001010
v 0.015904 0.023867 -0.002983
f 1605 1602 1608 
f 1593 1592 1596 
f 1593 1596 1597 
f 1595 1594 1598 
f 1597 1596 1600 
f 1598 1591 1600 
f 1594 1595 1601 
f 1592 1595 1602 
f 1596 1592 1602 
f 1593 1597 1603 
f 1599 1594 1603 
f 1597 1599 1603 
f 1591 1598 1604 
f 1598 1594 1604 
f 1594 1599 1604 
f 1600 1596 1605 
f 1598 1600 1605 
f 1596 1602 1605 
f 1592 1593 1606 
f 1595 1592 1606 
f 1594 1601 1606 
f 1601 1595 1606 
f 1593 1603 1606 
f 1603 1594 1606 
f 1599 1597 1607 
f 1597 1600 1607 
f 1600 1591 1607 
f 1591 1604 1607 
f 1604 1599 1607 
f 1595 1598 1608 
f 1602 1595 1608 
f 1598 1605 1608 
o convex_94
v 0.010916 -0.008056 0.075823
v 0.008920 -0.025012 0.049885
v 0.010916 -0.025012 0.049885
v 0.001938 -0.015039 0.075823
v 0.001938 -0.018028 0.062854
v 0.008920 -0.013044 0.075823
v 0.001938 -0.025012 0.057868
v 0.010916 -0.024014 0.055875
v 0.009917 -0.010051 0.069834
v 0.001938 -0.024014 0.052881
v 0.001938 -0.013044 0.073825
v 0.004932 -0.015039 0.075823
v 0.010916 -0.023016 0.050886
v 0.008920 -0.025012 0.055875
v 0.010916 -0.012046 0.074825
v 0.009917 -0.008056 0.073825
f 1613 1619 1624 
f 1609 1612 1614 
f 1610 1611 1615 
f 1612 1613 1615 
f 1611 1609 1616 
f 1613 1617 1618 
f 1610 1615 1618 
f 1615 1613 1618 
f 1612 1609 1619 
f 1613 1612 1619 
f 1614 1612 1620 
f 1612 1615 1620 
f 1616 1614 1620 
f 1609 1611 1621 
f 1611 1610 1621 
f 1617 1609 1621 
f 1618 1617 1621 
f 1610 1618 1621 
f 1615 1611 1622 
f 1611 1616 1622 
f 1620 1615 1622 
f 1616 1620 1622 
f 1609 1614 1623 
f 1616 1609 1623 
f 1614 1616 1623 
f 1609 1617 1624 
f 1617 1613 1624 
f 1619 1609 1624 
o convex_95
v -0.010031 -0.012040 0.075824
v -0.011028 0.000925 0.089788
v 0.000937 -0.011045 0.089788
v -0.013024 -0.010048 0.088792
v 0.003933 -0.015037 0.075824
v -0.013024 -0.000074 0.078817
v -0.010031 -0.012043 0.089788
v -0.013024 -0.003069 0.075824
v 0.003933 -0.014039 0.075824
v -0.003051 -0.015037 0.075824
v 0.000935 -0.014037 0.084801
v -0.013024 0.000925 0.089788
v -0.013024 -0.008052 0.075824
v -0.011028 0.000925 0.085799
v -0.012024 -0.000074 0.078817
v -0.011028 -0.012043 0.085799
v 0.000937 -0.012043 0.089788
f 1635 1629 1641 
f 1627 1626 1631 
f 1629 1625 1632 
f 1628 1630 1632 
f 1626 1627 1633 
f 1627 1629 1633 
f 1629 1632 1633 
f 1625 1629 1634 
f 1631 1634 1635 
f 1634 1629 1635 
f 1630 1628 1636 
f 1631 1626 1636 
f 1628 1631 1636 
f 1625 1628 1637 
f 1632 1625 1637 
f 1628 1632 1637 
f 1626 1633 1638 
f 1636 1626 1638 
f 1630 1636 1638 
f 1632 1630 1639 
f 1633 1632 1639 
f 1630 1638 1639 
f 1638 1633 1639 
f 1628 1625 1640 
f 1631 1628 1640 
f 1625 1634 1640 
f 1634 1631 1640 
f 1629 1627 1641 
f 1627 1631 1641 
f 1631 1635 1641 
o convex_96
v 0.015903 -0.004061 0.086798
v 0.000942 -0.012042 0.085800
v 0.000942 -0.012042 0.089790
v 0.013908 0.006908 0.085800
v 0.014905 0.002919 0.089790
v 0.009918 -0.012042 0.089790
v 0.008919 -0.011046 0.084802
v 0.010915 0.001921 0.089790
v 0.013908 0.001921 0.084802
v 0.001939 -0.011046 0.084802
v 0.013908 -0.009048 0.088792
v 0.010915 -0.012042 0.085800
v 0.014905 -0.007055 0.085800
v 0.000942 -0.011046 0.089790
v 0.015903 0.002919 0.085800
v 0.000942 -0.011046 0.085800
v 0.013908 0.006908 0.087794
f 1656 1645 1658 
f 1646 1644 1647 
f 1644 1643 1647 
f 1644 1646 1649 
f 1650 1648 1651 
f 1648 1643 1651 
f 1645 1650 1651 
f 1642 1646 1652 
f 1646 1647 1652 
f 1647 1643 1653 
f 1643 1648 1653 
f 1652 1647 1653 
f 1652 1653 1654 
f 1648 1650 1654 
f 1642 1652 1654 
f 1653 1648 1654 
f 1643 1644 1655 
f 1644 1649 1655 
f 1646 1642 1656 
f 1650 1645 1656 
f 1642 1654 1656 
f 1654 1650 1656 
f 1651 1643 1657 
f 1645 1651 1657 
f 1643 1655 1657 
f 1655 1645 1657 
f 1649 1646 1658 
f 1645 1655 1658 
f 1655 1649 1658 
f 1646 1656 1658 
o convex_97
v -0.024000 -0.007055 0.052878
v -0.011031 -0.006058 0.075823
v -0.011031 -0.008054 0.075823
v -0.016020 -0.000074 0.074821
v -0.017018 0.000925 0.064849
v -0.024000 -0.008054 0.057867
v -0.024000 0.000925 0.058866
v -0.015022 -0.008054 0.064849
v -0.023001 0.000925 0.054875
v -0.014024 -0.007055 0.075823
v -0.013027 0.000925 0.073824
v -0.011031 -0.007055 0.072827
v -0.023001 -0.008054 0.052878
v -0.015022 0.000925 0.075823
v -0.015022 -0.005060 0.075823
v -0.024000 -0.005060 0.058866
f 1664 1673 1674 
f 1659 1664 1665 
f 1661 1664 1666 
f 1659 1665 1667 
f 1665 1663 1667 
f 1663 1666 1667 
f 1661 1660 1668 
f 1664 1661 1668 
f 1663 1665 1669 
f 1660 1661 1670 
f 1661 1666 1670 
f 1666 1663 1670 
f 1669 1660 1670 
f 1663 1669 1670 
f 1664 1659 1671 
f 1666 1664 1671 
f 1659 1667 1671 
f 1667 1666 1671 
f 1665 1662 1672 
f 1668 1660 1672 
f 1660 1669 1672 
f 1669 1665 1672 
f 1664 1668 1673 
f 1672 1662 1673 
f 1668 1672 1673 
f 1662 1665 1674 
f 1665 1664 1674 
f 1673 1662 1674 
o convex_98
v -0.014024 -0.022021 -0.102748
v -0.002053 -0.018030 -0.104742
v -0.002053 -0.025012 -0.098758
v -0.002053 -0.024015 -0.105740
v -0.014024 -0.018030 -0.100753
v -0.011030 -0.018030 -0.106738
v -0.010033 -0.026009 -0.098758
v -0.011030 -0.023017 -0.104742
v -0.005045 -0.027008 -0.100753
v -0.014024 -0.021023 -0.098758
v -0.002053 -0.018030 -0.106738
v -0.002053 -0.027008 -0.098758
v -0.006044 -0.022021 -0.106738
v -0.014024 -0.024015 -0.099756
f 1681 1684 1688 
f 1676 1677 1678 
f 1677 1676 1679 
f 1679 1676 1680 
f 1675 1679 1680 
f 1675 1680 1682 
f 1681 1682 1683 
f 1682 1678 1683 
f 1679 1675 1684 
f 1677 1679 1684 
f 1681 1677 1684 
f 1676 1678 1685 
f 1680 1676 1685 
f 1678 1677 1686 
f 1677 1681 1686 
f 1681 1683 1686 
f 1683 1678 1686 
f 1678 1682 1687 
f 1682 1680 1687 
f 1685 1678 1687 
f 1680 1685 1687 
f 1675 1682 1688 
f 1682 1681 1688 
f 1684 1675 1688 
o convex_99
v -0.002053 -0.030998 -0.087786
v -0.014024 -0.024017 -0.098758
v -0.014024 -0.022021 -0.098758
v -0.014024 -0.028005 -0.086788
v -0.013025 -0.025014 -0.086788
v -0.003051 -0.025014 -0.097758
v -0.004049 -0.028005 -0.098758
v -0.002053 -0.029002 -0.086788
v -0.009034 -0.029002 -0.092773
v -0.002053 -0.026012 -0.098758
v -0.012027 -0.022021 -0.097758
v -0.014024 -0.026012 -0.095764
v -0.009034 -0.027007 -0.098758
f 1700 1690 1701 
f 1691 1690 1692 
f 1691 1692 1693 
f 1690 1691 1695 
f 1692 1689 1696 
f 1693 1692 1696 
f 1694 1693 1696 
f 1689 1692 1697 
f 1695 1689 1697 
f 1689 1695 1698 
f 1695 1691 1698 
f 1696 1689 1698 
f 1694 1696 1698 
f 1691 1693 1699 
f 1693 1694 1699 
f 1698 1691 1699 
f 1694 1698 1699 
f 1692 1690 1700 
f 1697 1692 1700 
f 1697 1700 1701 
f 1690 1695 1701 
f 1695 1697 1701 
o convex_100
v -0.011030 -0.018030 -0.106737
v -0.013025 -0.010050 -0.093772
v -0.014024 -0.010050 -0.093772
v -0.012028 -0.000073 -0.103746
v -0.005045 -0.000073 -0.098759
v -0.005045 -0.018030 -0.106737
v -0.014024 -0.018030 -0.099758
v -0.014024 -0.000073 -0.103746
v -0.005045 -0.009052 -0.098759
v -0.013025 -0.015037 -0.094770
v -0.013025 -0.000073 -0.100752
v -0.014024 -0.018030 -0.103743
v -0.005045 -0.018030 -0.104741
v -0.006044 -0.000073 -0.100752
v -0.005045 -0.016033 -0.106737
v -0.005045 -0.006058 -0.097761
v -0.009037 -0.000073 -0.098759
f 1706 1712 1718 
f 1704 1703 1706 
f 1702 1707 1708 
f 1706 1705 1709 
f 1708 1704 1709 
f 1707 1706 1710 
f 1703 1704 1711 
f 1704 1708 1711 
f 1706 1709 1712 
f 1709 1704 1712 
f 1702 1708 1713 
f 1709 1702 1713 
f 1708 1709 1713 
f 1708 1707 1714 
f 1707 1710 1714 
f 1711 1708 1714 
f 1710 1711 1714 
f 1705 1706 1715 
f 1707 1702 1716 
f 1706 1707 1716 
f 1702 1709 1716 
f 1709 1705 1716 
f 1705 1715 1716 
f 1715 1706 1716 
f 1706 1703 1717 
f 1710 1706 1717 
f 1703 1711 1717 
f 1711 1710 1717 
f 1704 1706 1718 
f 1712 1704 1718 
o convex_101
v 0.018897 -0.025013 -0.017952
v 0.023885 -0.016037 0.046893
v 0.022887 -0.016037 0.046893
v 0.013909 -0.025012 0.046893
v 0.021888 -0.023016 0.042900
v 0.022886 -0.017033 -0.017952
v 0.013909 -0.024013 0.000011
v 0.023885 -0.021023 -0.017952
v 0.018897 -0.025012 0.045883
v 0.015905 -0.025013 -0.017952
v 0.023885 -0.020027 0.045883
v 0.022887 -0.016037 0.000011
v 0.014907 -0.023016 0.046893
v 0.023885 -0.017033 -0.017952
v 0.020892 -0.024014 -0.017952
v 0.015905 -0.024014 -0.017952
v 0.013909 -0.025012 0.000011
v 0.020890 -0.023016 0.046893
v 0.014907 -0.023016 0.000011
f 1731 1730 1737 
f 1720 1721 1722 
f 1719 1724 1726 
f 1722 1719 1727 
f 1719 1722 1728 
f 1724 1719 1728 
f 1723 1726 1729 
f 1726 1720 1729 
f 1721 1720 1730 
f 1722 1721 1731 
f 1725 1722 1731 
f 1721 1730 1731 
f 1720 1726 1732 
f 1726 1724 1732 
f 1730 1720 1732 
f 1724 1730 1732 
f 1719 1726 1733 
f 1726 1723 1733 
f 1727 1719 1733 
f 1723 1727 1733 
f 1725 1724 1734 
f 1724 1728 1734 
f 1728 1725 1734 
f 1722 1725 1735 
f 1728 1722 1735 
f 1725 1728 1735 
f 1720 1722 1736 
f 1722 1727 1736 
f 1727 1723 1736 
f 1723 1729 1736 
f 1729 1720 1736 
f 1724 1725 1737 
f 1730 1724 1737 
f 1725 1731 1737 
o convex_102
v -0.005045 -0.018030 -0.106737
v 0.005928 -0.016033 -0.093771
v 0.004930 -0.016033 -0.093771
v -0.001055 -0.010049 -0.102746
v -0.005045 -0.010049 -0.100751
v 0.005928 -0.010049 -0.099757
v -0.000057 -0.018030 -0.105739
v 0.001938 -0.018030 -0.095766
v 0.001938 -0.010049 -0.096764
v 0.005928 -0.018030 -0.095766
v -0.005045 -0.017032 -0.103744
v -0.003050 -0.016033 -0.106737
v -0.005045 -0.011048 -0.103744
v 0.005928 -0.010049 -0.096764
f 1743 1746 1751 
f 1741 1742 1743 
f 1739 1740 1745 
f 1740 1742 1745 
f 1738 1744 1745 
f 1740 1739 1746 
f 1742 1740 1746 
f 1743 1742 1746 
f 1743 1739 1747 
f 1744 1743 1747 
f 1739 1745 1747 
f 1745 1744 1747 
f 1742 1738 1748 
f 1738 1745 1748 
f 1745 1742 1748 
f 1741 1743 1749 
f 1744 1738 1749 
f 1743 1744 1749 
f 1738 1742 1750 
f 1742 1741 1750 
f 1749 1738 1750 
f 1741 1749 1750 
f 1739 1743 1751 
f 1746 1739 1751 
o convex_103
v -0.011031 -0.008056 0.075823
v -0.006042 -0.025012 0.051881
v -0.011031 -0.025010 0.049885
v -0.005044 -0.015039 0.075823
v 0.001938 -0.018030 0.062854
v 0.001938 -0.015039 0.075823
v 0.001938 -0.025012 0.057870
v -0.011031 -0.024012 0.055875
v -0.010032 -0.011048 0.067836
v 0.001938 -0.023016 0.054877
v 0.001938 -0.013044 0.073822
v -0.011031 -0.012046 0.074825
v -0.011031 -0.023015 0.050888
v -0.006042 -0.025012 0.056873
v -0.010032 -0.008056 0.073822
v -0.000059 -0.016036 0.074820
v 0.001938 -0.025012 0.053879
v -0.009034 -0.024012 0.049885
v -0.009034 -0.013044 0.075823
v 0.001938 -0.013044 0.075823
f 1762 1766 1771 
f 1752 1755 1757 
f 1756 1757 1758 
f 1752 1754 1759 
f 1760 1756 1761 
f 1756 1758 1761 
f 1757 1756 1762 
f 1752 1759 1763 
f 1754 1752 1764 
f 1752 1760 1764 
f 1754 1753 1765 
f 1753 1758 1765 
f 1759 1754 1765 
f 1755 1759 1765 
f 1760 1752 1766 
f 1756 1760 1766 
f 1762 1756 1766 
f 1757 1755 1767 
f 1758 1757 1767 
f 1765 1758 1767 
f 1755 1765 1767 
f 1753 1754 1768 
f 1758 1753 1768 
f 1761 1758 1768 
f 1761 1768 1769 
f 1760 1761 1769 
f 1754 1764 1769 
f 1764 1760 1769 
f 1768 1754 1769 
f 1755 1752 1770 
f 1759 1755 1770 
f 1752 1763 1770 
f 1763 1759 1770 
f 1752 1757 1771 
f 1757 1762 1771 
f 1766 1752 1771 
o convex_104
v -0.014023 0.015888 -0.094769
v -0.008039 0.008905 -0.101749
v -0.005046 0.008905 -0.101749
v -0.010033 0.019879 -0.106737
v -0.005046 0.019879 -0.104742
v -0.015020 0.008905 -0.096764
v -0.015020 0.019879 -0.102746
v -0.011030 0.013895 -0.105739
v -0.007042 0.009903 -0.097762
v -0.005046 0.015888 -0.106737
v -0.015020 0.019879 -0.098759
v -0.015020 0.009903 -0.093771
v -0.015020 0.015888 -0.102746
v -0.014023 0.014890 -0.093771
v -0.012028 0.008905 -0.094769
v -0.011030 0.016884 -0.106737
v -0.005046 0.008905 -0.099757
f 1780 1786 1788 
f 1773 1774 1777 
f 1776 1775 1778 
f 1774 1773 1779 
f 1773 1777 1779 
f 1775 1776 1781 
f 1776 1774 1781 
f 1774 1779 1781 
f 1772 1776 1782 
f 1778 1777 1782 
f 1776 1778 1782 
f 1782 1777 1783 
f 1777 1778 1784 
f 1779 1777 1784 
f 1776 1772 1785 
f 1780 1776 1785 
f 1772 1782 1785 
f 1782 1783 1785 
f 1785 1783 1786 
f 1777 1774 1786 
f 1783 1777 1786 
f 1780 1785 1786 
f 1778 1775 1787 
f 1775 1781 1787 
f 1781 1779 1787 
f 1784 1778 1787 
f 1779 1784 1787 
f 1774 1776 1788 
f 1776 1780 1788 
f 1786 1774 1788 
o convex_105
v -0.005045 0.010901 -0.103743
v 0.005928 0.019879 -0.092772
v 0.005928 0.017882 -0.092772
v 0.005928 0.010901 -0.100751
v -0.001055 0.019879 -0.106737
v -0.005045 0.008905 -0.099755
v -0.005045 0.019879 -0.104741
v 0.005928 0.008905 -0.097761
v 0.002933 0.019879 -0.093771
v 0.005928 0.008905 -0.100751
v 0.001938 0.019879 -0.103743
v -0.004048 0.015888 -0.106737
v 0.001938 0.009903 -0.096764
v 0.005928 0.018881 -0.095767
v 0.003932 0.018881 -0.092772
f 1794 1801 1803 
f 1790 1791 1792 
f 1789 1794 1795 
f 1790 1793 1795 
f 1792 1791 1796 
f 1795 1794 1797 
f 1790 1795 1797 
f 1793 1792 1798 
f 1794 1789 1798 
f 1792 1796 1798 
f 1796 1794 1798 
f 1792 1793 1799 
f 1793 1790 1799 
f 1789 1795 1800 
f 1795 1793 1800 
f 1798 1789 1800 
f 1793 1798 1800 
f 1796 1791 1801 
f 1794 1796 1801 
f 1790 1792 1802 
f 1799 1790 1802 
f 1792 1799 1802 
f 1791 1790 1803 
f 1790 1797 1803 
f 1797 1794 1803 
f 1801 1791 1803 
o convex_106
v 0.005928 0.027859 -0.091777
v -0.002053 0.019879 -0.105739
v -0.002053 0.022873 -0.105739
v -0.002053 0.028857 -0.087786
v 0.005928 0.019879 -0.091777
v 0.001938 0.019879 -0.103743
v -0.002053 0.029854 -0.093772
v 0.005928 0.029854 -0.087786
v 0.001938 0.026862 -0.099753
v 0.002935 0.019879 -0.093772
v 0.005928 0.025863 -0.087786
v 0.002935 0.030853 -0.088784
v 0.005928 0.019879 -0.094768
v -0.002053 0.019879 -0.103743
v 0.001938 0.023870 -0.102746
v -0.002053 0.030853 -0.087786
v 0.000940 0.028857 -0.096762
v -0.002053 0.025863 -0.102746
f 1820 1812 1821 
f 1806 1805 1807 
f 1808 1805 1809 
f 1805 1806 1809 
f 1806 1807 1810 
f 1808 1804 1811 
f 1811 1804 1812 
f 1808 1807 1813 
f 1805 1808 1813 
f 1807 1808 1814 
f 1811 1807 1814 
f 1808 1811 1814 
f 1804 1808 1816 
f 1808 1809 1816 
f 1807 1805 1817 
f 1805 1813 1817 
f 1813 1807 1817 
f 1809 1806 1818 
f 1812 1804 1818 
f 1806 1812 1818 
f 1804 1816 1818 
f 1816 1809 1818 
f 1810 1807 1819 
f 1807 1811 1819 
f 1815 1810 1819 
f 1811 1815 1819 
f 1811 1812 1820 
f 1810 1815 1820 
f 1815 1811 1820 
f 1806 1810 1821 
f 1812 1806 1821 
f 1810 1820 1821 
o convex_107
v -0.022003 0.022870 0.042902
v -0.012029 0.017884 0.062854
v -0.012029 0.016886 0.062854
v -0.012029 0.025863 0.042902
v -0.023000 0.016886 0.042902
v -0.014025 0.026862 0.048890
v -0.023000 0.017884 0.050884
v -0.012029 0.016886 0.058860
v -0.020008 0.022870 0.048890
v -0.012029 0.027860 0.042902
v -0.017018 0.018883 0.057866
v -0.023998 0.016886 0.048890
v -0.015022 0.027860 0.043900
v -0.013028 0.023869 0.054872
v -0.012029 0.027860 0.046896
v -0.023998 0.019881 0.045896
v -0.018014 0.016886 0.057866
f 1828 1833 1838 
f 1823 1824 1825 
f 1822 1825 1826 
f 1825 1824 1829 
f 1826 1825 1829 
f 1824 1826 1829 
f 1823 1825 1831 
f 1825 1822 1831 
f 1830 1828 1832 
f 1826 1824 1833 
f 1830 1827 1834 
f 1822 1830 1834 
f 1831 1822 1834 
f 1827 1830 1835 
f 1832 1823 1835 
f 1830 1832 1835 
f 1823 1831 1836 
f 1834 1827 1836 
f 1831 1834 1836 
f 1827 1835 1836 
f 1835 1823 1836 
f 1822 1826 1837 
f 1830 1822 1837 
f 1828 1830 1837 
f 1826 1833 1837 
f 1833 1828 1837 
f 1824 1823 1838 
f 1823 1832 1838 
f 1832 1828 1838 
f 1833 1824 1838 
o convex_108
v -0.010031 0.029853 0.042902
v 0.001938 0.017885 0.069837
v -0.003051 0.017885 0.069837
v -0.010031 0.016889 0.059861
v 0.001938 0.028856 0.042902
v 0.001938 0.029853 0.048890
v -0.012029 0.024866 0.053878
v 0.001938 0.016889 0.064849
v -0.012029 0.026861 0.042902
v -0.012029 0.016889 0.063850
v -0.007040 0.028856 0.049889
v 0.001938 0.030850 0.042902
v -0.004049 0.030850 0.045897
v -0.000058 0.026861 0.054875
v -0.012029 0.028856 0.045897
v -0.010031 0.017885 0.065846
v -0.003051 0.016889 0.069837
v -0.012029 0.016889 0.059861
v -0.010031 0.026861 0.042902
f 1842 1847 1857 
f 1840 1843 1844 
f 1842 1843 1846 
f 1843 1840 1846 
f 1839 1843 1847 
f 1845 1847 1848 
f 1842 1846 1848 
f 1845 1841 1849 
f 1843 1839 1850 
f 1844 1843 1850 
f 1844 1850 1851 
f 1849 1844 1851 
f 1850 1839 1851 
f 1841 1840 1852 
f 1840 1844 1852 
f 1844 1849 1852 
f 1849 1841 1852 
f 1839 1847 1853 
f 1847 1845 1853 
f 1845 1849 1853 
f 1851 1839 1853 
f 1849 1851 1853 
f 1841 1845 1854 
f 1845 1848 1854 
f 1854 1848 1855 
f 1840 1841 1855 
f 1846 1840 1855 
f 1848 1846 1855 
f 1841 1854 1855 
f 1847 1842 1856 
f 1848 1847 1856 
f 1842 1848 1856 
f 1843 1842 1857 
f 1847 1843 1857 
o convex_109
v 0.023885 0.020877 0.041905
v 0.005929 0.030850 0.043900
v 0.005929 0.030850 0.041905
v 0.001938 0.027858 0.046893
v 0.001938 0.027858 0.040907
v 0.021889 0.016889 0.046893
v 0.016901 0.025864 0.046893
v 0.021889 0.016889 0.040907
v 0.017896 0.025864 0.040907
v 0.001938 0.030850 0.045894
v 0.023885 0.019881 0.046893
v 0.001938 0.030850 0.040907
v 0.010918 0.028856 0.046893
v 0.023885 0.016889 0.040907
v 0.012911 0.028856 0.043900
v 0.020888 0.023869 0.043900
f 1872 1864 1873 
f 1861 1862 1863 
f 1861 1863 1864 
f 1863 1862 1865 
f 1865 1862 1866 
f 1859 1860 1867 
f 1862 1861 1867 
f 1864 1863 1868 
f 1860 1866 1869 
f 1866 1862 1869 
f 1867 1860 1869 
f 1862 1867 1869 
f 1861 1864 1870 
f 1859 1867 1870 
f 1867 1861 1870 
f 1863 1865 1871 
f 1866 1858 1871 
f 1865 1866 1871 
f 1858 1868 1871 
f 1868 1863 1871 
f 1860 1859 1872 
f 1866 1860 1872 
f 1859 1870 1872 
f 1870 1864 1872 
f 1858 1866 1873 
f 1868 1858 1873 
f 1864 1868 1873 
f 1866 1872 1873 
o convex_110
v 0.012911 0.021875 0.057866
v 0.001938 0.027858 0.046893
v 0.001938 0.026860 0.047892
v 0.023885 0.016886 0.046893
v 0.001938 0.016886 0.068840
v 0.009921 0.028856 0.047892
v 0.001938 0.016886 0.064848
v 0.021889 0.017885 0.052880
v 0.001938 0.028856 0.050884
v 0.004935 0.017885 0.068840
v 0.017896 0.024866 0.046893
v 0.021889 0.016886 0.046893
v 0.009921 0.016886 0.065843
v 0.007927 0.025864 0.054876
v 0.015902 0.025864 0.048888
v 0.016901 0.019881 0.056872
v 0.022886 0.019881 0.048888
v 0.005929 0.029855 0.046893
v 0.001938 0.018883 0.067841
v 0.009921 0.017885 0.065843
v 0.023885 0.016886 0.049887
f 1890 1881 1894 
f 1875 1876 1878 
f 1877 1878 1880 
f 1878 1876 1880 
f 1875 1878 1882 
f 1877 1875 1884 
f 1876 1875 1885 
f 1875 1877 1885 
f 1880 1876 1885 
f 1877 1880 1885 
f 1878 1877 1886 
f 1883 1878 1886 
f 1879 1882 1887 
f 1884 1879 1888 
f 1887 1874 1888 
f 1879 1887 1888 
f 1888 1874 1889 
f 1888 1889 1890 
f 1877 1884 1890 
f 1884 1888 1890 
f 1889 1881 1890 
f 1875 1882 1891 
f 1882 1879 1891 
f 1884 1875 1891 
f 1879 1884 1891 
f 1882 1878 1892 
f 1878 1883 1892 
f 1887 1882 1892 
f 1883 1887 1892 
f 1886 1881 1893 
f 1883 1886 1893 
f 1874 1887 1893 
f 1887 1883 1893 
f 1889 1874 1893 
f 1881 1889 1893 
f 1886 1877 1894 
f 1881 1886 1894 
f 1877 1890 1894 
o convex_111
v 0.002937 0.016886 0.065849
v 0.023885 0.009904 0.056872
v 0.023885 0.008905 0.056872
v 0.011914 0.008905 0.075820
v 0.023885 0.016886 0.050887
v 0.022886 0.008905 0.051885
v 0.007925 0.013893 0.075820
v 0.001941 0.012896 0.073824
v 0.021887 0.015888 0.047893
v 0.002937 0.016886 0.071831
v 0.009918 0.008905 0.071831
v 0.001941 0.015888 0.066841
v 0.019894 0.016886 0.056872
v 0.011914 0.009904 0.075820
v 0.001941 0.014891 0.075820
v 0.023885 0.016886 0.047893
v 0.022886 0.013893 0.047893
v 0.008922 0.008905 0.075820
v 0.006928 0.016886 0.069835
v 0.013905 0.008905 0.064851
f 1902 1906 1914 
f 1897 1896 1898 
f 1896 1897 1899 
f 1897 1898 1900 
f 1899 1895 1904 
f 1900 1898 1905 
f 1895 1903 1906 
f 1904 1895 1906 
f 1899 1904 1907 
f 1898 1896 1908 
f 1896 1899 1908 
f 1901 1898 1908 
f 1899 1907 1908 
f 1907 1901 1908 
f 1898 1901 1909 
f 1901 1904 1909 
f 1906 1902 1909 
f 1904 1906 1909 
f 1895 1899 1910 
f 1899 1897 1910 
f 1897 1900 1910 
f 1903 1895 1910 
f 1903 1910 1911 
f 1900 1906 1911 
f 1906 1903 1911 
f 1910 1900 1911 
f 1905 1898 1912 
f 1902 1905 1912 
f 1898 1909 1912 
f 1909 1902 1912 
f 1904 1901 1913 
f 1901 1907 1913 
f 1907 1904 1913 
f 1900 1905 1914 
f 1905 1902 1914 
f 1906 1900 1914 
o convex_112
v -0.018014 -0.019028 -0.041894
v -0.011031 -0.022019 -0.025933
v -0.011031 -0.024015 -0.025933
v -0.022005 -0.014041 -0.025933
v -0.018014 -0.014041 -0.041894
v -0.011031 -0.023017 -0.041894
v -0.016021 -0.022019 -0.025933
v -0.019010 -0.014041 -0.025933
v -0.011031 -0.021022 -0.028926
v -0.013027 -0.023017 -0.041894
v -0.011031 -0.021022 -0.041894
v -0.021007 -0.014041 -0.037901
v -0.020008 -0.018031 -0.028926
v -0.020008 -0.016036 -0.041894
v -0.013027 -0.024015 -0.026931
v -0.015023 -0.022019 -0.041894
f 1929 1921 1930 
f 1917 1916 1918 
f 1916 1917 1920 
f 1915 1919 1920 
f 1917 1918 1921 
f 1918 1916 1922 
f 1919 1918 1922 
f 1919 1922 1923 
f 1916 1920 1923 
f 1922 1916 1923 
f 1915 1920 1924 
f 1920 1919 1925 
f 1919 1923 1925 
f 1923 1920 1925 
f 1918 1919 1926 
f 1921 1918 1927 
f 1919 1915 1928 
f 1918 1926 1928 
f 1926 1919 1928 
f 1927 1918 1928 
f 1915 1927 1928 
f 1920 1917 1929 
f 1917 1921 1929 
f 1924 1920 1929 
f 1924 1929 1930 
f 1915 1924 1930 
f 1921 1927 1930 
f 1927 1915 1930 
o convex_113
v 0.014905 0.000926 0.092782
v 0.000942 0.010900 0.089790
v 0.000942 0.010900 0.094778
v 0.008920 -0.007056 0.089790
v 0.011913 0.007906 0.089790
v 0.008920 -0.007056 0.094778
v 0.008920 0.010900 0.094778
v 0.012911 -0.006058 0.089790
v 0.012911 -0.006058 0.094778
v 0.005929 0.012896 0.089790
v 0.013909 0.005912 0.093780
v 0.000942 0.012896 0.094778
v 0.008920 0.011898 0.093779
v 0.013909 0.001924 0.089790
f 1935 1941 1944 
f 1933 1932 1934 
f 1934 1932 1935 
f 1933 1934 1936 
f 1933 1936 1937 
f 1934 1935 1938 
f 1936 1934 1938 
f 1936 1938 1939 
f 1937 1936 1939 
f 1938 1931 1939 
f 1935 1932 1940 
f 1939 1931 1941 
f 1937 1939 1941 
f 1932 1933 1942 
f 1933 1937 1942 
f 1940 1932 1942 
f 1940 1942 1943 
f 1935 1940 1943 
f 1941 1935 1943 
f 1937 1941 1943 
f 1942 1937 1943 
f 1931 1938 1944 
f 1938 1935 1944 
f 1941 1931 1944 
o convex_114
v 0.000939 0.014891 0.092782
v -0.002052 0.012896 0.084802
v -0.008038 0.012896 0.085800
v -0.003048 0.015889 0.085800
v 0.008921 0.012896 0.088792
v -0.006041 0.012896 0.093780
v 0.006926 0.014891 0.085800
v 0.004929 0.013894 0.093780
v -0.004046 0.015889 0.088792
v 0.003931 0.015889 0.088792
v -0.006041 0.013894 0.093780
v 0.007923 0.012896 0.085800
f 1951 1949 1956 
f 1946 1947 1948 
f 1947 1946 1949 
f 1947 1949 1950 
f 1946 1948 1951 
f 1950 1949 1952 
f 1948 1947 1953 
f 1951 1948 1954 
f 1949 1951 1954 
f 1952 1949 1954 
f 1945 1952 1954 
f 1948 1953 1954 
f 1953 1945 1954 
f 1947 1950 1955 
f 1952 1945 1955 
f 1950 1952 1955 
f 1953 1947 1955 
f 1945 1953 1955 
f 1949 1946 1956 
f 1946 1951 1956 
o convex_115
v 0.023885 -0.012044 -0.029923
v 0.014907 -0.025013 -0.023937
v 0.015906 -0.025013 -0.023937
v 0.014907 -0.021022 -0.041894
v 0.023885 -0.021022 -0.019948
v 0.022886 -0.012044 -0.022944
v 0.014907 -0.023018 -0.018950
v 0.019894 -0.012044 -0.041894
v 0.021889 -0.013043 -0.041894
v 0.016903 -0.021022 -0.041894
v 0.014907 -0.019026 -0.033909
v 0.020892 -0.024014 -0.017952
v 0.023885 -0.017033 -0.017952
v 0.019894 -0.012044 -0.033909
v 0.014907 -0.025013 -0.017952
v 0.019894 -0.017033 -0.041894
v 0.022886 -0.015038 -0.018950
v 0.014907 -0.019026 -0.041894
v 0.020892 -0.024014 -0.019948
f 1961 1968 1975 
f 1959 1958 1960 
f 1960 1958 1963 
f 1962 1957 1964 
f 1957 1961 1965 
f 1960 1964 1965 
f 1964 1957 1965 
f 1959 1960 1966 
f 1960 1965 1966 
f 1960 1963 1967 
f 1961 1957 1969 
f 1957 1962 1969 
f 1968 1961 1969 
f 1963 1962 1970 
f 1962 1964 1970 
f 1967 1963 1970 
f 1964 1967 1970 
f 1958 1959 1971 
f 1963 1958 1971 
f 1959 1968 1971 
f 1968 1969 1971 
f 1965 1961 1972 
f 1961 1966 1972 
f 1966 1965 1972 
f 1962 1963 1973 
f 1969 1962 1973 
f 1963 1971 1973 
f 1971 1969 1973 
f 1964 1960 1974 
f 1960 1967 1974 
f 1967 1964 1974 
f 1959 1966 1975 
f 1966 1961 1975 
f 1968 1959 1975 
o convex_116
v 0.010916 -0.008054 0.094778
v 0.012911 0.003917 0.106749
v 0.010916 0.003917 0.106749
v 0.010916 0.003917 0.094778
v 0.007923 -0.008054 0.106749
v 0.013909 -0.004062 0.103756
v 0.007923 -0.007056 0.094778
v 0.012911 0.003917 0.094778
v 0.010916 -0.008054 0.106749
v 0.012911 -0.004062 0.094778
v 0.013909 0.003917 0.099767
v 0.012911 -0.007056 0.099767
v 0.013909 -0.004062 0.098770
f 1981 1987 1988 
f 1978 1977 1979 
f 1977 1978 1980 
f 1978 1979 1982 
f 1979 1976 1982 
f 1976 1980 1982 
f 1980 1978 1982 
f 1979 1977 1983 
f 1976 1979 1983 
f 1980 1976 1984 
f 1977 1980 1984 
f 1981 1977 1984 
f 1976 1983 1985 
f 1977 1981 1986 
f 1983 1977 1986 
f 1984 1976 1987 
f 1981 1984 1987 
f 1976 1985 1987 
f 1987 1985 1988 
f 1985 1983 1988 
f 1983 1986 1988 
f 1986 1981 1988 
o convex_117
v 0.012910 0.006911 0.099767
v -0.000055 0.010899 0.094778
v -0.000055 0.010899 0.106749
v 0.006926 0.012895 0.099767
v 0.009918 0.003918 0.106749
v 0.011912 0.003918 0.094778
v 0.006926 0.011897 0.106749
v 0.006926 0.011897 0.094778
v -0.000055 0.012895 0.106749
v 0.013906 0.003918 0.103756
v -0.000055 0.012895 0.094778
v 0.011912 0.008905 0.104752
v 0.009918 0.003918 0.094778
v 0.011912 0.006911 0.106749
v 0.008920 0.011897 0.099767
v 0.010914 0.007908 0.094778
v 0.006926 0.012895 0.104752
f 2000 2003 2005 
f 1991 1990 1993 
f 1991 1993 1995 
f 1994 1990 1996 
f 1990 1991 1997 
f 1991 1995 1997 
f 1994 1989 1998 
f 1993 1994 1998 
f 1996 1990 1999 
f 1992 1996 1999 
f 1990 1997 1999 
f 1997 1992 1999 
f 1998 1989 2000 
f 1993 1990 2001 
f 1990 1994 2001 
f 1994 1993 2001 
f 1995 1993 2002 
f 1993 1998 2002 
f 2000 1995 2002 
f 1998 2000 2002 
f 1996 1992 2003 
f 2000 1989 2003 
f 1989 1994 2004 
f 1994 1996 2004 
f 1996 2003 2004 
f 2003 1989 2004 
f 1992 1997 2005 
f 1997 1995 2005 
f 1995 2000 2005 
f 2003 1992 2005 
o convex_118
v -0.015020 0.022873 -0.100753
v -0.002054 0.030853 -0.087784
v -0.002054 0.028855 -0.087784
v -0.002054 0.019880 -0.106737
v -0.015020 0.023871 -0.088784
v -0.005048 0.024867 -0.104740
v -0.014021 0.027858 -0.088784
v -0.015020 0.019880 -0.102746
v -0.010031 0.027858 -0.095766
v -0.002054 0.019880 -0.104740
v -0.002054 0.028856 -0.096764
v -0.011028 0.021876 -0.105738
v -0.014021 0.019880 -0.098758
v -0.002054 0.023870 -0.105738
v -0.015020 0.026861 -0.087784
v -0.002054 0.027858 -0.088784
v -0.009033 0.029854 -0.088784
v -0.014021 0.023871 -0.088784
v -0.011028 0.023870 -0.103744
v -0.015020 0.025864 -0.094766
v -0.009033 0.019880 -0.106737
f 2017 2019 2026 
f 2007 2008 2009 
f 2010 2006 2013 
f 2009 2008 2015 
f 2013 2009 2015 
f 2007 2009 2016 
f 2011 2014 2016 
f 2013 2006 2017 
f 2010 2013 2018 
f 2013 2015 2018 
f 2016 2009 2019 
f 2011 2016 2019 
f 2017 2011 2019 
f 2008 2007 2020 
f 2006 2010 2020 
f 2015 2008 2021 
f 2014 2012 2022 
f 2007 2016 2022 
f 2016 2014 2022 
f 2020 2007 2022 
f 2012 2020 2022 
f 2010 2018 2023 
f 2018 2015 2023 
f 2008 2020 2023 
f 2020 2010 2023 
f 2021 2008 2023 
f 2015 2021 2023 
f 2014 2011 2024 
f 2011 2017 2024 
f 2017 2006 2024 
f 2012 2014 2025 
f 2006 2020 2025 
f 2020 2012 2025 
f 2014 2024 2025 
f 2024 2006 2025 
f 2009 2013 2026 
f 2013 2017 2026 
f 2019 2009 2026 
o convex_119
v -0.023001 -0.008056 0.058869
v -0.018013 -0.025012 0.046893
v -0.013027 -0.025012 0.046893
v -0.012030 -0.010051 0.075823
v -0.012030 -0.008056 0.068837
v -0.023001 -0.008056 0.052879
v -0.024000 -0.019026 0.047892
v -0.011031 -0.025012 0.052879
v -0.011031 -0.023016 0.049886
v -0.023001 -0.015039 0.046893
v -0.011031 -0.008056 0.075823
v -0.016020 -0.022019 0.054878
v -0.024000 -0.016036 0.051882
v -0.013027 -0.009053 0.075823
v -0.020009 -0.020023 0.052879
v -0.012030 -0.023016 0.056869
v -0.024000 -0.008056 0.052879
v -0.024000 -0.011048 0.055875
v -0.022003 -0.008056 0.053876
v -0.011031 -0.008056 0.070833
v -0.013027 -0.024014 0.046893
v -0.018013 -0.025012 0.047892
v -0.011031 -0.010051 0.075823
f 2030 2042 2049 
f 2027 2031 2032 
f 2028 2029 2034 
f 2034 2029 2035 
f 2029 2028 2036 
f 2028 2033 2036 
f 2031 2027 2037 
f 2034 2035 2037 
f 2037 2027 2040 
f 2030 2037 2040 
f 2030 2040 2041 
f 2038 2030 2041 
f 2039 2033 2041 
f 2040 2039 2041 
f 2030 2038 2042 
f 2027 2032 2043 
f 2032 2036 2043 
f 2036 2033 2043 
f 2033 2039 2043 
f 2043 2039 2044 
f 2039 2040 2044 
f 2040 2027 2044 
f 2027 2043 2044 
f 2032 2031 2045 
f 2031 2035 2045 
f 2035 2031 2046 
f 2031 2037 2046 
f 2037 2035 2046 
f 2035 2029 2047 
f 2029 2036 2047 
f 2036 2032 2047 
f 2032 2045 2047 
f 2045 2035 2047 
f 2033 2028 2048 
f 2028 2034 2048 
f 2041 2033 2048 
f 2038 2041 2048 
f 2034 2042 2048 
f 2042 2038 2048 
f 2037 2030 2049 
f 2034 2037 2049 
f 2042 2034 2049 
o convex_120
v -0.011031 -0.021023 -0.039896
v 0.005928 -0.024015 -0.026933
v -0.010033 -0.024015 -0.013964
v -0.007040 -0.025013 -0.041889
v 0.005928 -0.023018 -0.041889
v -0.011031 -0.025013 -0.013964
v 0.005928 -0.025013 -0.041889
v -0.011031 -0.024015 -0.041889
v -0.010033 -0.022021 -0.024937
v 0.005928 -0.023018 -0.031916
v 0.005928 -0.025013 -0.026933
v -0.010033 -0.021023 -0.037900
v -0.011031 -0.022021 -0.041889
f 2054 2057 2062 
f 2055 2053 2056 
f 2053 2054 2056 
f 2054 2051 2056 
f 2054 2053 2057 
f 2055 2050 2057 
f 2053 2055 2057 
f 2050 2055 2058 
f 2055 2052 2058 
f 2052 2051 2059 
f 2051 2054 2059 
f 2058 2052 2059 
f 2051 2052 2060 
f 2052 2055 2060 
f 2055 2056 2060 
f 2056 2051 2060 
f 2054 2050 2061 
f 2050 2058 2061 
f 2059 2054 2061 
f 2058 2059 2061 
f 2050 2054 2062 
f 2057 2050 2062 
o convex_121
v -0.022004 -0.013040 -0.013965
v -0.021007 -0.014038 -0.041891
v -0.022004 -0.012041 -0.040892
v -0.021007 0.003916 -0.036903
v -0.024000 0.003916 -0.026928
v -0.019012 -0.014038 -0.028922
v -0.024000 -0.014038 -0.019948
v -0.023001 0.003916 -0.041891
v -0.019012 -0.012041 -0.041891
v -0.024000 -0.004065 -0.033910
v -0.024000 -0.014038 -0.010971
v -0.023001 0.003916 -0.026928
v -0.021007 0.003916 -0.041891
v -0.023001 -0.006058 -0.041891
v -0.020010 -0.013040 -0.022942
v -0.024000 0.003916 -0.035905
v -0.023001 -0.013040 -0.010971
f 2074 2067 2079 
f 2065 2064 2069 
f 2064 2068 2069 
f 2067 2066 2070 
f 2068 2064 2071 
f 2066 2068 2071 
f 2064 2070 2071 
f 2069 2067 2072 
f 2068 2063 2073 
f 2067 2069 2073 
f 2069 2068 2073 
f 2066 2067 2074 
f 2070 2066 2075 
f 2066 2071 2075 
f 2071 2070 2075 
f 2064 2065 2076 
f 2065 2069 2076 
f 2070 2064 2076 
f 2069 2072 2076 
f 2063 2068 2077 
f 2068 2066 2077 
f 2074 2063 2077 
f 2066 2074 2077 
f 2067 2070 2078 
f 2072 2067 2078 
f 2070 2076 2078 
f 2076 2072 2078 
f 2073 2063 2079 
f 2067 2073 2079 
f 2063 2074 2079 
